# Andrea Marcheschi, Luca Nasini, Simone Passera
# CIAO TEAM
# ML-CUP25
# 28/12/2025
1,0.6074178072968748,0.37589238976335976,0.6540122996875091,0.403662818096763
2,0.5550139977258806,0.6196972568335307,0.3823608116422284,0.6705755258347312
3,0.3633147663883611,0.39246738289431105,0.528982473222644,0.39623804399972207
4,0.597066788679534,0.5010480584721375,0.39820252488366054,0.4252870969731378
5,0.34469573778238527,0.5463200306414234,0.37287468166304033,0.7288286622970888
6,0.6076307454111118,0.3414288876748946,0.692375924064937,0.4257305405556727
7,0.5149864919882949,0.5654675390988532,0.34926945119614566,0.7465838959198559
8,0.5979925018789265,0.39568312617438745,0.6992660236658617,0.40050220383898516
9,0.5820049333669985,0.594996020219575,0.7999632795008114,0.32588137494548713
10,0.5577023021508094,0.30068256816534983,0.6417742810266929,0.511018671079855
11,0.6650383015440873,0.5177944059523222,0.7951070190619542,0.42751482349886816
12,0.6404179800670193,0.6521745817445741,0.8082185691523702,0.2235926028495085
13,0.6000028029607538,0.4860006014661663,0.7939564801656769,0.379658832605526
14,0.5202319030655698,0.3941346360933427,0.6175892628662543,0.3815076723462554
15,0.4313290335204228,0.43279015659879844,0.5915500827944538,0.38551820981180385
16,0.5859215223925824,0.5323457864005219,0.7622062016589504,0.3224215032657883
17,0.36000934753089475,0.3214571231508621,0.1780372032247169,0.5144377162173001
18,0.47300324631061025,0.41082706017721343,0.6255325007165011,0.28344925968776563
19,0.43113689190947707,0.4720577608587894,0.6276332660589166,0.4897427122036414
20,0.6266028184103798,0.575395269373153,0.7301794787699019,0.28871394314257565
21,0.4605669873010963,0.44555236188065717,0.23391919656388432,0.7754223728101753
22,0.573680387756633,0.3933242981176422,0.6360577393025344,0.3364536260795189
23,0.5461140702643628,0.5902125610340694,0.7558351143969404,0.2314064157153629
24,0.5357372290002644,0.52884439000014,0.4366498291863676,0.42540813505105823
25,0.6191637767068265,0.6271208076209547,0.7818004057910379,0.30820809107204844
26,0.4487945621997614,0.5496039069809989,0.38813326407280696,0.7710797532650547
27,0.457362513246984,0.4943297398439172,0.5825298877225076,0.25383717567069164
28,0.4164869791170838,0.41860718467406893,0.7078619360454033,0.47206998353985485
29,0.5552510656416965,0.596908036203049,0.6850792597553657,0.1831823589986008
30,0.46615745521417856,0.5285857471969192,0.2992569494654537,0.506099830862851
31,0.6183821266712015,0.5908847155200456,0.823361782142261,0.3374867491492397
32,0.5954376764055349,0.5722362944514834,0.36359571919598016,0.7489539478519858
33,0.47397130634788637,0.4194233621192578,0.5639677899328592,0.33267052129891905
34,0.6124869656657379,0.5128921968777976,0.24905112458187895,0.7065047872227229
35,0.5779636933414389,0.510943255388445,0.2581141483202242,0.8457784461666684
36,0.514612203505572,0.656585050187441,0.6858285528088437,0.1991732242234946
37,0.6050153416879713,0.3909888217401451,0.7127292150317837,0.4170425194249347
38,0.5639208295358074,0.6551607277783194,0.41613109131890186,0.7630014830060212
39,0.4871311121975908,0.5059178953823287,0.3293247037718428,0.7818975647682181
40,0.5249855008418547,0.5837268508634382,0.3514654155576645,0.6580653161607947
41,0.3704519560678436,0.48195445205356935,0.2587553204327355,0.5256104624801348
42,0.5070978914870727,0.6191648508180696,0.7101344413760424,0.20842058208558673
43,0.47649351693891356,0.6532890511523681,0.7127567277300082,0.11457008195948461
44,0.4651913434888935,0.5507224051054697,0.322717804056637,0.597385602764427
45,0.35943233906562994,0.5441979553641328,0.48439007083724667,0.5379238309431716
46,0.645949891154638,0.5904361520834283,0.2839724466128304,0.8381379907931661
47,0.5107957006357431,0.5534920328249693,0.5931141350365299,0.18864684288172384
48,0.5335333242772089,0.56215180717263,0.38943045354180056,0.7832171989415944
49,0.5939503009699905,0.5271633246923589,0.7736594633024447,0.32943154132606306
50,0.37020015471965684,0.5342269516036472,0.45862819546005934,0.3795660664778791
51,0.3695976583859547,0.48847969395755064,0.36610693882749995,0.6952699562423666
52,0.5874201917314077,0.5355950245260263,0.22858936904638788,0.5960745081888229
53,0.5621165903976097,0.6096743770447433,0.7604797573314253,0.28276959728155304
54,0.6074094432833534,0.42592204674286566,0.23889149339685878,0.714594733409841
55,0.5597206789096909,0.3746890467029061,0.6874486128043007,0.40879616631189303
56,0.4821680957416617,0.5444411104756903,0.3577863821888961,0.6233617745599076
57,0.6133003114804503,0.623651142611282,0.3765552538602163,0.8403900193292136
58,0.555478935835684,0.5526341163747558,0.6932062769219218,0.25593665924829445
59,0.6396241158011995,0.6334307837695614,0.43497456210576585,0.6495192343998613
60,0.45602024336241204,0.49673384111545504,0.3471585528317836,0.618866765100927
61,0.3886886390877096,0.3709516007620516,0.2647803423630666,0.3655427791563412
62,0.6549121507568163,0.5468617849205077,0.8016926649376064,0.3434913735481011
63,0.44161422050722604,0.7137234033647988,0.6259148781762292,0.0456870607769059
64,0.49881058558351726,0.6333775441544355,0.6990578499943148,0.12119125240701023
65,0.6704409967435967,0.5770461305561977,0.7862714118460798,0.33721076190102417
66,0.46721065867639316,0.6293695227525632,0.7212633185774207,0.11686211499787072
67,0.4110310359523106,0.4922166694732696,0.30118477558049367,0.6166511540672364
68,0.4764575685624078,0.6153957310346359,0.6525952933842216,0.19408061467276466
69,0.2600558792540027,0.3675669281847371,0.19450943786568864,0.555361105763688
70,0.6077901704689224,0.5003971405765463,0.7608479436873015,0.36493821776682067
71,0.5573612631744622,0.5403986752696167,0.688695792825202,0.22332373729163235
72,0.5497099284165272,0.3628376119086209,0.5858489871560566,0.49261146207646195
73,0.4174570383728095,0.43282357765965324,0.5016441192299428,0.4130242531330946
74,0.43598833785062713,0.7198068002069622,0.7671907361434038,0.08438108085659442
75,0.407314299229267,0.5446888772993671,0.36041213567431646,0.7587884727036381
76,0.4912232822240033,0.4479529995288514,0.6577528982689476,0.4167997424594948
77,0.5364653730635893,0.5826815932518039,0.6717975678533981,0.24253367087871097
78,0.40502226053020657,0.5125368887597842,0.4407378359114356,0.44761314551091325
79,0.4916633496500005,0.4648308963449115,0.4838160861024043,0.41110826504066994
80,0.5066073836428988,0.6408638269929483,0.701480052179877,0.18023384322210506
81,0.5067114347015476,0.6537706875473684,0.6818206759403804,0.15151208002975902
82,0.5058897782657017,0.4529170605037475,0.35249268579152765,0.7016458258216683
83,0.5914998977561776,0.5523018164875239,0.7303030897615901,0.2913681618453136
84,0.43299983047352036,0.4380816312060639,0.3126441626596617,0.5490324057790397
85,0.47328845593093277,0.4978380342097534,0.6418063042965059,0.26900585277043315
86,0.5763585953522607,0.4240356082248214,0.6848728328387146,0.3735108747999189
87,0.41790486152461087,0.3787286573147898,0.37253340140291585,0.5411914528836017
88,0.6986988126791212,0.5248770588061317,0.2750176489796193,0.8075262124750523
89,0.4494158647939864,0.4672527109736317,0.5690399549257905,0.19943472394482584
90,0.5027646733611568,0.473193465113728,0.2996972478943077,0.6706221293463986
91,0.5408396808521945,0.5987328693329023,0.7855611761159218,0.1926181606423537
92,0.5316054818388438,0.4138781414278605,0.48211209973727104,0.3989419091998631
93,0.6108822560885929,0.502743001285708,0.713203134782106,0.292584407786487
94,0.5412245545451744,0.4249264044023367,0.24086175903902862,0.5765341828264137
95,0.5572209162110979,0.49397192730557,0.7609068773363743,0.36426430730493764
96,0.5212315158354333,0.3871686391012838,0.7777558759205521,0.5224263751151677
97,0.578096282295484,0.3769145623164114,0.6203334442460611,0.4357994401615702
98,0.5238494410225245,0.341862712274432,0.5097029732669722,0.34500078518263044
99,0.5336288040666612,0.388452588196425,0.6167423370755944,0.45818734326172844
100,0.5033543726887932,0.642754838856191,0.71567407919168,0.1906275607308435
101,0.5077296356771297,0.3420216647497653,0.6392393820398936,0.4953648239081493
102,0.4745001056050236,0.5402997722405276,0.5744926958551948,0.5149530025575771
103,0.5223904828942394,0.5042578697911555,0.6572077340861571,0.46647296380237624
104,0.41142180615493207,0.4171457234591716,0.5834020441457171,0.32728664534885576
105,0.48415269999800353,0.6590903531873383,0.6880204483356107,0.12608566481882275
106,0.5148838475909703,0.534639742246004,0.38175775062280465,0.6892516870021634
107,0.5980432743267103,0.5480621394880648,0.3276905405342801,0.7490946764977692
108,0.4370289927157151,0.5157027546393869,0.4445829321774742,0.5501236011840825
109,0.4379668870398577,0.5020252611467864,0.39491703031082165,0.7073350261663893
110,0.5614047293491262,0.5864810860229583,0.37946644991238215,0.7040709836467405
111,0.4020396980250152,0.5322867802957609,0.5968128481478119,0.5616998371508358
112,0.4296746899326836,0.5454823419519543,0.39130394342691904,0.6648746532903991
113,0.5995942386281987,0.5382659498928011,0.3015806792144882,0.6350201256453
114,0.38887370045708713,0.5281066606401384,0.348695413000449,0.8477024011113871
115,0.45194147289394343,0.6836812568091145,0.6375150163644001,0.07380272414072286
116,0.5990151075173709,0.5094547212996067,0.7561950618339599,0.34449821629007404
117,0.5651680636210878,0.47755949953894355,0.41095809919114173,0.535327866753197
118,0.5175507924567433,0.5953666781154008,0.373010365094026,0.6878843138470871
119,0.5013718667982294,0.5804535299114982,0.3038722506856642,0.8052903429226614
120,0.5888204256325871,0.581795302324264,0.40065972739217043,0.6600789599788139
121,0.6482004556200909,0.49445932358052175,0.25542331867202217,0.7965793723359248
122,0.550240181366324,0.5942358561932974,0.4017318136450942,0.6294437306768758
123,0.4133058045816294,0.38060804863984893,0.6254334840465097,0.34059203673605687
124,0.5542479631714627,0.6183390224130337,0.7410947919949871,0.20663416929972195
125,0.39635491084457436,0.5730841101177079,0.31171436569165895,0.6609202177318563
126,0.5622323809037002,0.6059496091415196,0.7742294979540327,0.26286844012303523
127,0.5175803046319603,0.48993508488249765,0.40776139489635294,0.5562493574295977
128,0.5408416832931355,0.5319915786166987,0.3568229141886093,0.4818832701551946
129,0.576254881138196,0.38472036987518493,0.6663845306045433,0.3635967026271664
130,0.553118048673934,0.6418988735673925,0.7089972527284145,0.19722687263132885
131,0.6004580988758699,0.35912377003014617,0.6053501950088787,0.4644550874644631
132,0.6534054071147559,0.5576067634122795,0.7855313316412484,0.3815558017519089
133,0.5831812466243753,0.3938004268662139,0.7049974190299872,0.4041553898448419
134,0.47955868687125675,0.4487605197392668,0.5218171630779032,0.4182311162876761
135,0.5277684067744384,0.3584290325038077,0.6250456769507828,0.502943371095982
136,0.4965844896268485,0.3702394558011384,0.7385087081511232,0.5207838437256873
137,0.5892268584244318,0.4600160943617125,0.7061865243954244,0.3073488416551883
138,0.4429562901160167,0.4494192887291561,0.30263453212821806,0.5632474505277469
139,0.4015272426289599,0.42692431786168805,0.3107989680347946,0.44780864622044264
140,0.4547378233110208,0.5434430540584527,0.44552422162432076,0.6627135601211107
141,0.3480895337134192,0.5131864767664911,0.3724379098650739,0.5597402289602734
142,0.5657765029043809,0.47371701197762894,0.33512307402144453,0.7800266227114736
143,0.5595859703599868,0.4130472774975133,0.7020247897939766,0.34642441561110465
144,0.5442628882078315,0.6087059185664903,0.7252976936769007,0.18490809518752846
145,0.635377730747178,0.5254530817576064,0.7702504983486373,0.33295321513581055
146,0.5811785355653865,0.41918974169740814,0.7028197736337745,0.39015253172983244
147,0.5077885347334563,0.5454783095064395,0.4180935461905208,0.6049536804808439
148,0.384747973998815,0.5971122699621313,0.5615778758675278,0.5192027337548247
149,0.3886885872091818,0.4587290664087461,0.5325329398232297,0.4799979969157914
150,0.4195790076438944,0.4788651261241038,0.38275423462263264,0.7194645034771077
151,0.4347687196686008,0.46764125626710334,0.30926707555805427,0.8013904662733539
152,0.5271325452309954,0.4419100622472038,0.23635806785720515,0.8051068966246187
153,0.29987705528320596,0.4953050790822152,0.29535096644833186,0.5557332329005329
154,0.42255105083749694,0.42011793259790164,0.6156937202743922,0.4568540405979321
155,0.5666655985068145,0.5319581082537856,0.2793801045681302,0.7438226715373911
156,0.5965853484171841,0.5542320015836176,0.7598041851012867,0.3109630994303904
157,0.6224672927238148,0.4796190321708245,0.2228252016370011,0.7134745602707904
158,0.5056290371178476,0.5367808672824023,0.6101242959686082,0.5101310097890571
159,0.5756710517278827,0.4003837823293671,0.5194917876095497,0.5193935256856711
160,0.5185455417436169,0.5750773795795096,0.7052870918153467,0.20841952871975988
161,0.5720865745398747,0.48251240713559557,0.7005965731199058,0.32106393732021143
162,0.48069679759227474,0.4270140655817878,0.5616659829525692,0.4972634296603552
163,0.5781954082402307,0.3438140071200684,0.6148075022306276,0.46642527101478204
164,0.5204520800876606,0.5949586762117168,0.37933853758278707,0.702308919544385
165,0.5615510675132291,0.39300095864816376,0.6501905420521314,0.3695867504678044
166,0.5707993167227665,0.6284448327558165,0.7674147597303913,0.18265762404287722
167,0.44819386301158964,0.6286689154435309,0.6343930734069121,0.09725741659798517
168,0.5969116143813262,0.47652630746510705,0.3450890282881151,0.8549209430468679
169,0.39975036815361925,0.6038940887510165,0.5796810085340258,0.10741951902906269
170,0.410100456740832,0.45018608921832215,0.31230389920916896,0.5159521538890464
171,0.6168665155676936,0.5737370890752111,0.27267951981518296,0.8941706867327235
172,0.6272858767691496,0.5187254627957274,0.7629327208070045,0.37504198279508905
173,0.5555516132773413,0.414428990406192,0.22514691253051583,0.766160940886612
174,0.46957949992075726,0.5202924961014274,0.6457259317085113,0.2903983045849214
175,0.4701508694418645,0.4434259929296914,0.19586719485349147,0.610536750750823
176,0.4741213994573242,0.6617304411214974,0.6901997656699927,0.11276706687293778
177,0.3455071689211261,0.5332136236748795,0.4071066787468021,0.5498389323788109
178,0.5827885955283001,0.38138310781859797,0.4532091863986462,0.47855728822969706
179,0.44604991698164637,0.5985194186787834,0.4193193655302628,0.6028469931434356
180,0.6015408283310097,0.45992420796161276,0.7261448952537404,0.369430170000788
181,0.4722024568277677,0.5264340061289767,0.412158847488251,0.5331076204262375
182,0.5828125024610369,0.5112421855038563,0.29411669979647975,0.8573603765489729
183,0.5647838923123689,0.37430877413740093,0.7171253151236687,0.4573404365746162
184,0.5258851372167126,0.6305049128269409,0.6776192933114367,0.19083139358551549
185,0.5200848130527551,0.6132897905156691,0.3560199498786382,0.7818184305450964
186,0.48168944259027785,0.6613505973433097,0.6294354367514676,0.0989350660922382
187,0.48509093697047906,0.4277064065913365,0.5667987989092063,0.26537117799602744
188,0.49188596244090005,0.34518110239697075,0.33257212564139776,0.5297249291689613
189,0.591737839764026,0.587167605897684,0.3253218284826645,0.740973675815821
190,0.7187794517075319,0.610712917190059,0.28841846296901585,0.7755473120767434
191,0.45751337160058,0.3631381911457175,0.23353723410421562,0.4388946546443452
192,0.5943619544875804,0.5694853873367566,0.725332531980531,0.22850261255035237
193,0.5549555182862191,0.6491548699891501,0.7653356753344647,0.15177766880778013
194,0.5009068282082354,0.5030270036562356,0.6395817041655374,0.23249433532334435
195,0.4899115837406394,0.4808976638187539,0.6197830642977264,0.21943698517255567
196,0.48650248318824035,0.5572541489180598,0.5033556606682268,0.49351583812297684
197,0.5494994150570995,0.437578973925077,0.6396191994726121,0.5007641930586101
198,0.516998945664001,0.3692165519278665,0.658687650521127,0.33489903200594856
199,0.3588097146532655,0.4286229721485062,0.2822274237535209,0.4870818392837474
200,0.5610676508555792,0.4770242205179174,0.7080665486372102,0.3728879141376344
201,0.4322767959670604,0.5337845871820425,0.3757332441336155,0.6878464791211523
202,0.6479471352220765,0.6144230911839809,0.806842577115308,0.2955312097691107
203,0.5472613323168178,0.44928642236527844,0.4959988331493745,0.5092481384099931
204,0.5300305018441733,0.6209218737302319,0.668056155524174,0.18511328795346876
205,0.6640069518677683,0.5404942001567828,0.8056743777109008,0.3777883221292839
206,0.46277183409262385,0.37882189091671836,0.7165503505960287,0.5039974266411021
207,0.5997756089378865,0.4735185398173547,0.7344883517270571,0.3705379504246974
208,0.5430395765362914,0.5051810687725176,0.7506720675631202,0.28936474449437577
209,0.5558883890988795,0.5732920230253584,0.6711034446302988,0.20768856453901435
210,0.5010671331509788,0.5185563671643925,0.7023089876160884,0.4290784803924934
211,0.4273396954753796,0.552442714220769,0.37620769399988524,0.7209057500458744
212,0.5760749427155014,0.5011486877197354,0.2069104486094508,0.6195059354919609
213,0.5936133213895038,0.5798234064177865,0.7982249186721386,0.28478529025897253
214,0.48331765058720905,0.43129188491159315,0.5906924672656704,0.28665334498254863
215,0.41030963225004474,0.4954900714442558,0.3423761330599187,0.8841060553284267
216,0.4116008168980873,0.606075210731735,0.42356669850569945,0.566582680200103
217,0.4899245478811643,0.4854174269663518,0.32250342395974535,0.7271444035977593
218,0.5578017491274716,0.40827435956027264,0.552542830872998,0.38157128492345077
219,0.5017466947326723,0.36635406662105513,0.6663707204926621,0.3756923021839252
220,0.47982925855874986,0.6470731066024764,0.6633037605523859,0.19186367493737433
221,0.5184811160440481,0.658383332689204,0.785942874134826,0.1399685707496942
222,0.44401657962663493,0.6894902250796265,0.6664925236225401,0.12494370166910301
223,0.537763753466757,0.6359914077233981,0.6958510737908998,0.15708248785718165
224,0.4763204069018085,0.47170265875761913,0.6099919534939575,0.2825018724221882
225,0.4541666494002941,0.5310018276533459,0.6794102755538765,0.49027024061582875
226,0.5218902108072518,0.3440764916222947,0.2681911226224245,0.48866581253802455
227,0.4433477889395416,0.5048194143591982,0.5146716683736225,0.4552617633323094
228,0.5936875611740142,0.6190347179339724,0.7567130000379241,0.2343858382961153
229,0.5002438117515173,0.5655395747043493,0.4799987618540463,0.6624879551203577
230,0.3468477076078617,0.5192678447423317,0.4944813118209335,0.6100090213321054
231,0.4814181389580026,0.6184543825102223,0.6579633934466302,0.15960580841654748
232,0.6087728606007998,0.5120186057272128,0.2974706191684197,0.7412290851287628
233,0.41406606998966744,0.6475409467640983,0.5014430188203318,0.6312563831633634
234,0.5557393220539684,0.47361630011839395,0.7079061369490003,0.36877301300795173
235,0.4550301165814757,0.4506771343325322,0.6115960156790705,0.4254825066517075
236,0.5680352344023663,0.36112715357291236,0.703860768518946,0.4587261408539992
237,0.4230619972107877,0.4605874731524992,0.3923950632976822,0.6466174147951382
238,0.5577810525898552,0.5146209455829248,0.29388164423013713,0.7036064275364249
239,0.554156725690033,0.4312817377256113,0.36826805615745634,0.6689703573806648
240,0.5198530042880491,0.37660624257827746,0.5796923930103066,0.34943276288545494
241,0.43768933352147726,0.41319475299905695,0.7327872855073432,0.5339546558833569
242,0.5332683921596202,0.698420021398169,0.704831848356718,0.16112288591104457
243,0.4351875493556861,0.5342709274786811,0.3441479178874714,0.6086315906228023
244,0.4687248298352436,0.5839649191091115,0.623120877705917,0.16977362744922275
245,0.5887888178713883,0.5110696181468748,0.7075162452825037,0.27247168936483435
246,0.5725934210679415,0.6482382370991449,0.791374938676142,0.21348505102583232
247,0.5940471485660468,0.39767416163787445,0.662613300348061,0.39492195035380373
248,0.37163748943995756,0.388699134557137,0.6132674187988452,0.48591084958379394
249,0.403208388078823,0.4881178404154758,0.5173422870212001,0.68369576656996
250,0.55201185166735,0.5913668996250526,0.7252699809680232,0.28258863293254854
251,0.5577682393494585,0.5007419036913882,0.2968793794269952,0.6378375304350509
252,0.5659996782798815,0.549877659835024,0.29865781559033017,0.8848784252009261
253,0.3910481567243768,0.4218639930071422,0.1757579292481085,0.5785985457397487
254,0.6383184619037534,0.4389654162456971,0.12431900717909922,0.7756930888724639
255,0.4045984936130528,0.5320444443504084,0.3940396125508881,0.6057885771976128
256,0.505777531110732,0.47145078584673383,0.3927481270832272,0.6139439374299149
257,0.419330381206161,0.41248461586193197,0.6839016304848491,0.3943960309373328
258,0.6105153692982188,0.5184531144202702,0.2607816083485582,0.789243769462661
259,0.427323933524334,0.4765453472601751,0.39551525632423606,0.629177593594786
260,0.6740365385749945,0.39494371479423734,0.7470376100227465,0.4810500037852839
261,0.4072874639289673,0.43738256662154396,0.5194160599252675,0.2573183286144701
262,0.5778258345335101,0.3773012949699936,0.6535342557572776,0.39683887788406513
263,0.46707750807371845,0.4632017847257583,0.2498245001289494,0.48964380600489366
264,0.4778809721414225,0.3908419413129432,0.6085724265049741,0.33303904147221813
265,0.4773031588782624,0.4886842421868404,0.5957753006395317,0.24192421566150724
266,0.5389291466689581,0.6426431550883686,0.7520169763734283,0.2169281077115125
267,0.42842098887749486,0.4767695362905886,0.3439811972483487,0.6555661248920619
268,0.5087382474252613,0.5086918501879245,0.43207478570054797,0.47494429638685254
269,0.6780591437933121,0.5821024359972619,0.8134319063206594,0.3541233028279037
270,0.42931592876229546,0.474260816700329,0.5883570370657498,0.4829770559948942
271,0.5421551229520838,0.5910182986079103,0.7198719915494463,0.19005431146176788
272,0.555956078110398,0.48816796269805784,0.7344235085889033,0.3274402662910133
273,0.5371950334768023,0.5097163454592114,0.30793583110595485,0.7856414570045824
274,0.35123927399759597,0.4841999305571764,0.38225351061791507,0.40220195373549483
275,0.49717787312098777,0.42596987685585885,0.7045207506333919,0.33345434347865704
276,0.3336317158718327,0.4078466035897412,0.32170597356806435,0.3967447556717709
277,0.5288016385196546,0.569372701801353,0.7369494793297018,0.20158027720684601
278,0.5507633272494123,0.5252094741221732,0.29405766629291613,0.5927780902306956
279,0.3892252440329769,0.44354168046175624,0.4130564324552873,0.6276708509110368
280,0.42591089096851636,0.4423649186001925,0.3338050621430471,0.5102679212513224
281,0.5873479024848434,0.6670513439536028,0.7458146344744951,0.2201466164873504
282,0.5586908158903394,0.5027713119726581,0.3648666576044515,0.6354112479430958
283,0.6174260031002654,0.4095729311749163,0.14389096339052448,0.6072211191740196
284,0.5200280818964103,0.6381186707110782,0.646043982114618,0.18102088459784094
285,0.45306918688047476,0.4086771476919299,0.6355635978986669,0.39005713879292914
286,0.3981421282034508,0.5245460480681382,0.5124731174805583,0.5152874025101186
287,0.6046991711364542,0.5992544119771674,0.8422867673470849,0.3007533011814226
288,0.5740729849451893,0.5028174049675566,0.3402132419236514,0.8381315063580451
289,0.560238050886569,0.44397483926815023,0.28416263971700045,0.6426830367058862
290,0.3034681313495495,0.42819838396025434,0.2634867974933858,0.4926882069055427
291,0.4521416469316302,0.5119734231871942,0.3119745146495491,0.6407911269868823
292,0.5149667643388263,0.5094794886585121,0.649186653536346,0.26978437522420917
293,0.5635275683213083,0.3586460870587708,0.647972326318575,0.4209868776500787
294,0.7565846802800338,0.5532432792496967,0.3117991896028342,0.7097940738534252
295,0.5710683819638434,0.6724433122182025,0.7047691784884245,0.1864339167332391
296,0.5555468783248811,0.42774167197698443,0.33696367947159517,0.6577667924049422
297,0.6263965731948216,0.6077295532745626,0.8390764693157773,0.27691538366629487
298,0.5077846289783645,0.6632919667854932,0.625442836198707,0.1330544115906384
299,0.5820316848089655,0.478076403286015,0.6949937502871915,0.3674351332888543
300,0.6027525631653885,0.32268409144588894,0.7124084420768775,0.4985967646288381
301,0.5439794897499859,0.5924233450779667,0.3465770493025387,0.670231680689754
302,0.42526990834981854,0.4684262707562912,0.3276699255494347,0.7995648597008449
303,0.596196716946443,0.49657000732497797,0.7059265914812893,0.304388018796601
304,0.37823611104732713,0.567289201696599,0.4050056711905326,0.6410842230530198
305,0.47184528820230304,0.4208460601932749,0.6978085090117558,0.3699149195209961
306,0.3360655645544645,0.4100217382795754,0.6507552172621449,0.3573404658455832
307,0.5964101346904802,0.47909502231230067,0.7708074015618529,0.4010355829027709
308,0.5892444523290368,0.48633384725492773,0.7204768894435278,0.337281000961821
309,0.6496473893465473,0.639196065806074,0.3472897454080592,0.597174626147165
310,0.42968223959836543,0.4678317801540875,0.30788659633706444,0.42372185228628556
311,0.5125820891488686,0.5101495368603415,0.39328571286859076,0.7805352487590382
312,0.4551365640825383,0.38519187418814027,0.5445595387303472,0.3298645443058805
313,0.5906292420477428,0.6187053858926806,0.7406735263487667,0.24093762425078724
314,0.6361119302342384,0.6031907676450533,0.2577470886643077,0.7338788004752647
315,0.5861350803956213,0.453823148197166,0.4002246203502378,0.5499731934044609
316,0.6075630953876607,0.36467542550280596,0.5606248304654673,0.48027431726689207
317,0.4281474513643612,0.4970627912386661,0.3953512667918054,0.45446840017343626
318,0.5718867681274744,0.6736042247776532,0.7271168605212748,0.08694853768764703
319,0.39204060527018275,0.41883648520601685,0.33892380369183644,0.6960865689603792
320,0.5937699756363188,0.47177578325580233,0.7471151999148711,0.35414962176001347
321,0.44938264369483766,0.5094651821509346,0.6451946294273225,0.24679598816109
322,0.38489573665305954,0.4183227740990606,0.5056945394181038,0.21207182958331633
323,0.5610238494520907,0.5191951303049237,0.7209639048133034,0.28761290363031655
324,0.3441613339803135,0.4893483203839967,0.4180919356785628,0.4472806354640985
325,0.4750437222794041,0.332320333972405,0.3663467478304347,0.5408655835383304
326,0.46536785746724213,0.4310120999300894,0.6513389031250092,0.41456188517324466
327,0.6014534981846833,0.44095263421117764,0.22082783605254314,0.5992266944552991
328,0.6125043172069804,0.5491727504951461,0.35368244377714114,0.7039735812616236
329,0.5231545089253651,0.3853463517106814,0.6659023418341627,0.4618049127239107
330,0.4845062848134721,0.43597538111771267,0.6441184920962599,0.37434739293472324
331,0.5652517348384138,0.5137796052467901,0.7072978806527521,0.2810210080783367
332,0.4909214945652763,0.33995642692680644,0.4462806484771156,0.26863329503960787
333,0.48335439232951977,0.5640079253705351,0.6950980436108591,0.2046056855201545
334,0.44096712910509567,0.575463150680162,0.6617941633654407,0.16204839311189267
335,0.5665568354714792,0.45240642688854643,0.7019887141891772,0.5358407413423207
336,0.6882755574544852,0.5887400770147063,0.7994163863333463,0.3441958952430943
337,0.524321370304248,0.446620572202328,0.39435988247333936,0.4148741297638959
338,0.40577862213217386,0.4985959353583562,0.3495652317044888,0.7014495076154239
339,0.6358282614531028,0.41447114685657377,0.6052493695567815,0.42629398941466023
340,0.5333016228401457,0.5325554573312511,0.7346647063004177,0.24301840676560732
341,0.5276139672542146,0.6646452067059794,0.6891937230627685,0.09512793499195642
342,0.5693825479717973,0.4433831477777715,0.6249314299230586,0.3958465947089586
343,0.4049846185222829,0.4539405987533307,0.5471579669436768,0.5071947400298128
344,0.607847682451157,0.36499944292195324,0.3494287275072366,0.5393131461915631
345,0.2817444907664923,0.4580390077024958,0.2785363199097306,0.6295491341611895
346,0.47206376960736923,0.42785841477734254,0.23103977471472376,0.494261058320714
347,0.45152765622449603,0.38557386948879263,0.5927257895061047,0.29297777713664014
348,0.5459023866808448,0.496709535689346,0.39109300587435275,0.6038037494687184
349,0.389842910512939,0.4868047310132375,0.4336959253716955,0.614044608760354
350,0.5554532965391001,0.4317369003759837,0.2953990917427995,0.4671541559551323
351,0.46524175080706925,0.5166088023534722,0.527016928312956,0.5626023240450303
352,0.44320904503634845,0.6354611252714955,0.3616738421595885,0.5830268323442493
353,0.393938932711129,0.4138214006883784,0.6798607074019636,0.3648114853165007
354,0.5726359979440776,0.5093973865747318,0.7740330494061143,0.28504976817558697
355,0.42675052995505874,0.6127960861276848,0.5833550629476796,0.13312069628110207
356,0.4688405573596031,0.5281639888985805,0.36921781813341,0.695435928399098
357,0.5727760146378649,0.48173723787816386,0.3187499485973357,0.6325802171939477
358,0.5641231026612175,0.6501641255668797,0.6865973635763205,0.18571054835642856
359,0.6058868877414676,0.45393554459612734,0.7582142475045186,0.40099420934177554
360,0.6181682965018616,0.37653819655160337,0.7050932473988338,0.47171074496562637
361,0.6015205051121915,0.4400901239956075,0.20667556708780066,0.8354554292563696
362,0.535742956549659,0.4552828609936885,0.6249944886279215,0.32117558065934126
363,0.5143003072048338,0.5964352314913266,0.3765822488812453,0.7916686019701024
364,0.5108166858754191,0.43880577088546097,0.25580300768083225,0.6213622626048169
365,0.3866198017021805,0.516342338323217,0.31810289105842654,0.444232243362368
366,0.7445119121824344,0.40599301863117065,0.776265391461419,0.5256232623874036
367,0.4846911724114718,0.5724686228761462,0.34136940766375196,0.8348004293825764
368,0.6340201103123249,0.4565790238969905,0.7353538101907591,0.4218606171488343
369,0.5859102459898693,0.5491208087587446,0.7229268777330176,0.25646638737229444
370,0.5460581810419114,0.35652633745367707,0.6988057670539916,0.4654888344766272
371,0.6160949351863585,0.46598568294696757,0.24379703289915616,0.7937413280946053
372,0.47233873132207044,0.4562105832672002,0.6215099046176553,0.24465696629539035
373,0.5794557452430789,0.41489318998047126,0.7193012904940652,0.4020015735837971
374,0.3322522373595496,0.3966552250402745,0.45218618404660554,0.41827820521007153
375,0.564478068402879,0.5208007611790509,0.7424792040102246,0.25513928582699325
376,0.6555209384245455,0.6282344321889328,0.7895574449722149,0.26968390022467437
377,0.46005382079257134,0.38978968951343873,0.2967359488958243,0.6598211786891957
378,0.48289690643245115,0.586509493563904,0.7040205626081026,0.21915072119812534
379,0.3197845857379004,0.47771097446398125,0.48364320717699466,0.4727716129675531
380,0.48882886732914704,0.4858803846128138,0.522377328727607,0.4408478854536584
381,0.500994723588265,0.41053940413728907,0.3177461490807874,0.7283534937527287
382,0.46912791061486386,0.612910966099373,0.6556581010979379,0.1727999385423402
383,0.517479799335637,0.33880435426561184,0.6296543578706193,0.367624173990059
384,0.5081511805834564,0.5708902594058517,0.714361953322945,0.2194909074943301
385,0.4162130130359883,0.4413202354642005,0.27305627006895383,0.5933365177284212
386,0.5393884995024734,0.3918079511939246,0.7959637516709828,0.5345012377891365
387,0.4616424777020561,0.4354498435954338,0.5028118444464036,0.3942219287453214
388,0.6120389504344408,0.5167458322044611,0.19570414528022945,0.7551079911665117
389,0.5830988190921047,0.46006417646472464,0.6744161480735733,0.3247923472563213
390,0.621271617396477,0.47669586991765406,0.6990264147278065,0.30010758075067795
391,0.5446733797843419,0.45595392048450745,0.719663016536624,0.3066495391750224
392,0.5481241753884663,0.5087504341789549,0.2915580532056948,0.7567247312544593
393,0.41985901658798747,0.6631958062188383,0.47756594412747616,0.6580424897101498
394,0.5108765169375782,0.5407760915747335,0.3842119755283025,0.6978784765093533
395,0.46926705716246314,0.5229636803534086,0.2949241283849409,0.7444396578413199
396,0.3656824629259732,0.49490850105813716,0.4169332580644181,0.6761559732009348
397,0.5584161349526853,0.6293433203387009,0.7752288362455186,0.22928373438806882
398,0.5460477045759073,0.5353873036293078,0.6199771959411786,0.25688183525121766
399,0.4612252352048328,0.482537709777147,0.3034478399503218,0.7242349799297411
400,0.49812499146787864,0.5633407769922124,0.3653410950732017,0.938482008506323
401,0.377003477886276,0.47537913193686676,0.35337312764824264,0.517504429288709
402,0.42110963782753724,0.553531008286681,0.38999524164281624,0.8742457647207817
403,0.35179410131744115,0.46322954969535823,0.24951449729225583,0.6206505512860131
404,0.5567458439750339,0.40347817672156194,0.6465172308577503,0.3804486590599436
405,0.5381876734704429,0.5631993078284946,0.7106619761369533,0.24924784578406356
406,0.6432021626456959,0.5215152470347213,0.7641066374328567,0.3694122218068825
407,0.49222360555364914,0.45957477743551584,0.5402686832693901,0.25499725306825577
408,0.508446519291861,0.33546821988002756,0.5855629729438896,0.44029952497010355
409,0.5172232526956915,0.5292826786853924,0.7062076075456378,0.24174055711433529
410,0.45732244058932087,0.5169223472779452,0.33524226132032525,0.6689914752495734
411,0.5234161101800996,0.5797431633680914,0.4041347611128638,0.6241800034419888
412,0.5964561346351547,0.4992979138626606,0.5483499223638519,0.4549762216331369
413,0.6072689873296087,0.5421897060449422,0.7123096560750721,0.2589618846726939
414,0.5880023407533046,0.3084118025426759,0.6273717606327773,0.5009614145724166
415,0.43452895114303175,0.34914921423731604,0.23329382887415,0.39370573823440724
416,0.42165088211066454,0.42849245557944815,0.29560211527909747,0.47995843249158177
417,0.6356859149009542,0.4953303597881972,0.24630837513428816,0.9241077044311015
418,0.5795365823879308,0.38802957778576525,0.6904248364559866,0.531092075420709
419,0.5487104664182587,0.48835104405851576,0.30139007358641506,0.793334932536862
420,0.5281177476533165,0.4066911334725904,0.5777226171548437,0.32809579656968485
421,0.5280433842012908,0.4539623575773172,0.37217217806334874,0.7196085516670899
422,0.5211186925133982,0.389663674297481,0.5376532163662495,0.19280820842016455
423,0.5215254904313349,0.35869853474170577,0.5633263207231196,0.44607273245446977
424,0.5365448188664781,0.5826663581116257,0.42762117773280167,0.724336876317729
425,0.57689013008222,0.46391451634993913,0.7071744202128845,0.3809764337925251
426,0.535195481966859,0.6614895093342803,0.7251587045030976,0.1485283970311589
427,0.6032517541846876,0.6364367942115847,0.7451320390686071,0.2353690717216269
428,0.6062216620849854,0.4923452775546667,0.4828079964711223,0.3151484364289515
429,0.62933281047224,0.47145401167117557,0.7406085052488376,0.35361210018801653
430,0.38107323549587,0.640794561882389,0.5645920249182934,0.01880682932130491
431,0.5115992987748368,0.5050455880737488,0.27415037318029734,0.8516888501168144
432,0.5619390640338904,0.3793091449877713,0.22737882619519872,0.7098964127917645
433,0.5901305511475572,0.5935000749923441,0.32544895232953114,0.680734329267112
434,0.3887771529162189,0.3126239001552273,0.24635996897452095,0.55294895611127
435,0.5223188722094081,0.4712225861462757,0.49783608031694077,0.5763228437324176
436,0.5579096984997634,0.5237195485970263,0.6644577865688153,0.2845850984413674
437,0.5488263401575721,0.6014844968840126,0.7588941142707144,0.21020237965458888
438,0.5456836241538812,0.5361700777177344,0.6921585900091438,0.32506541242078446
439,0.5144925843271106,0.5829058696586286,0.7421079388762393,0.25599711479786974
440,0.4522690005427487,0.5717752936543914,0.45825894267679784,0.5822969415675675
441,0.35585506608161416,0.5308051177926683,0.4531650943284619,0.5594417404408835
442,0.6335198735901688,0.4052920120630452,0.7833747775964852,0.42655922230836557
443,0.5169424807670111,0.5323500930773805,0.45837952757298345,0.6312969199054675
444,0.5447914269553502,0.6333623578448625,0.7409805129466973,0.18920659434161757
445,0.48790259946448417,0.6192507670903649,0.7110806699906,0.19805622444432064
446,0.4227521595194766,0.44363618056782533,0.3386085648666424,0.4927761919998065
447,0.5128029835926413,0.3684038392596657,0.17855790959547047,0.7149359996622882
448,0.5573052956181512,0.5514610716294226,0.345937756531342,0.7252159711986899
449,0.482362483591997,0.5030024638248228,0.6602802631435511,0.39828065002358687
450,0.5501748853717991,0.40161509340704626,0.1443190484931064,0.6070096396765486
451,0.5150683982001978,0.4942824692935348,0.2981910843137699,0.5439408595422015
452,0.544692310930597,0.3296776914326626,0.6335062452490219,0.4037843184783173
453,0.3088759210264938,0.4610604053527386,0.43627616610246506,0.6033434206644565
454,0.4281311978618581,0.35675347735545665,0.40531355076355563,0.43959483379034037
455,0.5975906653909595,0.6050101591278345,0.8108775558831416,0.2884789088929336
456,0.5049351249697684,0.4994854048034174,0.42562248955713594,0.5838035936980949
457,0.39279181050044915,0.4262731680733344,0.6448856096383406,0.35313392991833964
458,0.5156870881884767,0.6198239676651378,0.6934553686705991,0.12237911578079956
459,0.48148324456348696,0.49762472774416705,0.24668477829128194,0.6129629995868437
460,0.4810485365767449,0.46405201214727854,0.5050887661508654,0.5449914940551395
461,0.48346006111864975,0.6021451209075626,0.6500969687493876,0.17169805532202262
462,0.41317176660484595,0.6446409466684705,0.6550344222137077,0.10153248712569098
463,0.4479769496354367,0.4816042474200762,0.3220082407289178,0.4750343027408733
464,0.5013032822763246,0.540972860400717,0.4009107017396641,0.6825025580209911
465,0.502243056255691,0.42751615049802116,0.19865670565465787,0.6044863456629822
466,0.33938389403189284,0.48227777759986873,0.42207494141728336,0.57866001347512
467,0.5502750733900992,0.5483836970577591,0.6745417317366815,0.42691580753921166
468,0.4797147582874915,0.4202771354534415,0.17899681138584295,0.5740159054049434
469,0.5979003676986658,0.6136928887825063,0.8020353682887662,0.2220702684898203
470,0.5692294226041814,0.3772543459692565,0.6779834488304377,0.42223301499071736
471,0.4026692757268576,0.528367031820185,0.3231012571762946,0.6768074681358863
472,0.5667755531781444,0.5431553023108674,0.7992963510227145,0.2735335753793861
473,0.8827662948899453,0.5943152201249362,0.24613056465857663,0.6513314622966226
474,0.5804804541863566,0.6282886596240416,0.8016668972895575,0.22238228250414654
475,0.7638992996738387,0.5735433722021673,0.34061253862387303,0.7996050659392697
476,0.4928102799759216,0.6876678545315845,0.6957189216306534,0.06881160267507497
477,0.4441085772398204,0.4342110056376011,0.4081120495107112,0.6061992193691227
478,0.5833318640314489,0.5103864490361115,0.7281611924978479,0.31517282403765035
479,0.4628016529826476,0.5205302546492035,0.4497030507038626,0.5536377331744645
480,0.564150303342416,0.5117575767349359,0.3202139141969554,0.7106709023121048
481,0.38753762106823086,0.53337809153412,0.4332128842368939,0.5860790688577371
482,0.5907430570389134,0.5438444898732749,0.7878426197413633,0.2850817958700891
483,0.534159306614389,0.4138588747136943,0.7334813242635994,0.43710335715366516
484,0.5696062601321681,0.5604512670784414,0.6520963516790743,0.21375298587699565
485,0.5706035344515117,0.6351370507821479,0.40910639840309454,0.765917336911105
486,0.63604775195928,0.6007674242380601,0.30864427523385146,0.818664581720836
487,0.7117604411883023,0.6484611076039952,0.4356300567444403,0.7214879135344743
488,0.5034972648762155,0.49280075584675825,0.20971794665347238,0.7900352648206002
489,0.3883497324423949,0.5333584063240668,0.43299440615953894,0.6193181443933959
490,0.4492418033927051,0.49469011165711846,0.4997885426202802,0.5060541975076714
491,0.5712164732906895,0.6451463790042999,0.7977829045648677,0.2077850603980539
492,0.4624635893586217,0.37048520666550033,0.24955343274226066,0.4279304544841691
493,0.5166797349681871,0.5372506081119081,0.6225528257205841,0.24434532903649292
494,0.5710785805876686,0.5492837166285809,0.3371551186896469,0.6039635641991493
495,0.48729110481307286,0.660474998773256,0.7113096851773799,0.12156391780351264
496,0.5012324182554797,0.3269664240763955,0.5594856734864624,0.39709449607409336
497,0.6462448140051198,0.45605426618817096,0.7712973572233826,0.3767506935513601
498,0.47068619381393356,0.5958228090979146,0.5887020694672136,0.4689061436274477
499,0.614454329125985,0.6064197408651314,0.35782973193246576,0.7994732193787448
500,0.5265631002112496,0.5367129011981592,0.44337448225482384,0.6023861619871471
501,0.4322005163023371,0.46585558837027924,0.29240747666999917,0.7633537655876748
502,0.40776257669033467,0.36325895345867987,0.16074165656018496,0.7609691628411476
503,0.4218769635177761,0.40190765162054326,0.6687257293761366,0.40943554132179516
504,0.48765041708810014,0.54019999323903,0.6967696896136955,0.22015369971938253
505,0.4959291688475555,0.6657846202107678,0.6658267947754097,0.16657752117862373
506,0.5482132117624596,0.4874967813740994,0.3288867161579517,0.7029863959148854
507,0.5232437721762129,0.4628666258609952,0.27203530788321995,0.7693734436833545
508,0.6858765655708339,0.47766701890130675,0.2500160380533832,0.6988801544043389
509,0.387583619960798,0.43675659826347696,0.324677143447532,0.5832387768782654
510,0.5767861748717515,0.5613912728620287,0.7430691506074198,0.3025800591193435
511,0.5253262182468832,0.4226520901699035,0.2714748003813284,0.6692760252490992
512,0.4102568747016876,0.44474675835413796,0.4616401311498229,0.4262129564610352
513,0.6692609061325618,0.602862465409566,0.3114830446381695,0.7435322685247481
514,0.5460616889874099,0.4009708761229754,0.5329455668819867,0.24112058140182535
515,0.5718808157054138,0.4385586132151533,0.3494711706055688,0.6522602359201466
516,0.5462870641458861,0.5463632671839004,0.7023812387600168,0.5205190274581071
517,0.6690646661473918,0.614904809300282,0.8000677199705344,0.23852431788309847
518,0.4177131720732972,0.5317590811775993,0.5857226220318088,0.5165738602784533
519,0.71140547659546,0.5185665239324215,0.2648973474169661,0.813899976738104
520,0.5737842679293192,0.6127321597163604,0.39568835683687115,0.7113962484279414
521,0.5756039989690758,0.4005810717422377,0.6688051099765313,0.4117801903238284
522,0.6313904836290247,0.5489185263639359,0.7778387621707743,0.2702635225843374
523,0.26059937819312645,0.3596922599617259,0.21467660394064147,0.4574260850267726
524,0.60289949153769,0.6160120011731343,0.8224463443463004,0.23287770238928962
525,0.5602180040383291,0.6320202822751667,0.7769115189193239,0.21008945697920856
526,0.521731563121699,0.3639055974875977,0.6795078873535358,0.5079044155043099
527,0.40098689329537673,0.4502650316031176,0.28533469546004814,0.42218447185732766
528,0.5909426643257825,0.5175542241217674,0.32647459803590556,0.5836714087382804
529,0.613626971358046,0.5790912672499957,0.7797459709439221,0.322888486781934
530,0.5462709402720933,0.5163332206591303,0.5369729782336863,0.465635805621977
531,0.5551265211388319,0.4182125856878131,0.6375995623773751,0.3786857802093324
532,0.4802924492661815,0.3935999123640446,0.2515603355729637,0.5760466812780966
533,0.47273015055477247,0.4563913002031191,0.4573926253823242,0.2544711807569704
534,0.30593187679222905,0.46459887598077676,0.41409543472299043,0.4818051487646283
535,0.4927087603040173,0.4954177679154096,0.39164476759715156,0.6225187608393402
536,0.5526940816694013,0.33491196222130143,0.6997285972053646,0.4194787839200385
537,0.5451356572550736,0.3039936282438131,0.561608331674442,0.3909009954544395
538,0.5758886685311133,0.6946839166813816,0.7266199074758908,0.17457830503887947
539,0.5719906718657894,0.5527179041596703,0.7452123789014433,0.24865930923170476
540,0.6323443462141249,0.5548364877696953,0.7989520108590549,0.2972743247067522
541,0.500245121406421,0.3215412642445097,0.312081302067758,0.3952646092904405
542,0.42435266182257086,0.5805242449159587,0.43534094743283586,0.6740169438999981
543,0.5434181912209877,0.3935917410501753,0.7566380189532489,0.4799026601121969
544,0.5166400322582463,0.5126460646172846,0.3584848626020289,0.47803362960179396
545,0.4359399011475256,0.48038047344914087,0.33280225214046394,0.5605995657521678
546,0.47748147720361395,0.5000707039854108,0.6221027393453391,0.25352085118220385
547,0.6537920126690049,0.5542829848186036,0.8091108931951447,0.34466349795315365
548,0.4562052634578891,0.5437054074102972,0.6053749102147872,0.22948948103004685
549,0.47351254833604434,0.44696177811643617,0.5271432558152969,0.49016370913961615
550,0.5223297644662308,0.3790599314308928,0.3867212380431338,0.34272899545386576
551,0.572039863489398,0.624654413845334,0.791623526296229,0.1672918466635659
552,0.44515859192734225,0.4478156566299227,0.5318695103475732,0.44178572276336314
553,0.5771028448434969,0.518246908168508,0.7428037307344886,0.28356210224148193
554,0.44838993797030097,0.49477861079688734,0.26701728357808735,0.6513391907621568
555,0.5586948300756875,0.6011690590619094,0.3861425194907269,0.7428806758589355
556,0.5248955831502051,0.4380641276243999,0.6277323186317678,0.39887667284320966
557,0.3676042108905346,0.40629811979346087,0.3631816210269347,0.5837866523333937
558,0.588568747178587,0.5048975858618981,0.6247590191935539,0.3562471984950497
559,0.5245554254564744,0.4771918142470118,0.37072278906921247,0.6386722289507365
560,0.5553079234545373,0.36630535903816136,0.7941907829926889,0.572520387899779
561,0.45670283326614375,0.4526069307168428,0.5088918329153949,0.47406630941610167
562,0.36044034848346423,0.5418793160370167,0.390039266234312,0.7286103343109943
563,0.39946500668929513,0.4521776851747141,0.3184875578962523,0.7270447311189769
564,0.6129279469269111,0.4004814889676974,0.6975066547548647,0.40545089608357343
565,0.37063937637440053,0.4419481464247747,0.25425591959004423,0.7451680164429397
566,0.6696349657417837,0.5608239088018042,0.32873688829423525,0.6046442933865238
567,0.5212428678590446,0.4232790590618262,0.6252021520036686,0.35959704251603153
568,0.5368684418486449,0.6121647637310837,0.6819930067660793,0.19922258997648323
569,0.3574476554781519,0.4184926934422269,0.5014799489637336,0.4204926561635375
570,0.4168068721285791,0.42492303276516813,0.6626594823486582,0.4060807451054135
571,0.5779120908584323,0.6033738364969576,0.7073309908754208,0.2299573858187528
572,0.4125714941057666,0.4749478785565327,0.5853705616665517,0.1792626043285849
573,0.5744026869947667,0.5572735493708836,0.6581644566945271,0.2429088499555338
574,0.5436005288830836,0.5287256244579491,0.6497797993012131,0.2409353464019212
575,0.6797881060238085,0.6397816648442956,0.38851625433961595,0.7551279252508847
576,0.47693692224371403,0.3789561524674751,0.7131521798509461,0.42599171063043
577,0.6021567859903452,0.6046603947764626,0.8059293187027916,0.2527187160294626
578,0.5233382709914545,0.47031962135015715,0.4590174779366976,0.5598215986612585
579,0.6099490183960612,0.6390133752979936,0.7522396660946509,0.18708674017624904
580,0.5445949118621969,0.48026891979722164,0.7258549069119047,0.31054712174502186
581,0.4972469967892739,0.5865415359977653,0.7085671899882173,0.21260141324889698
582,0.5160732586842054,0.5732623667202948,0.3606149770999693,0.7220027589938937
583,0.5186848258583949,0.5078263602198125,0.6298982799187682,0.2955678305313324
584,0.5399235079980702,0.6617672553858879,0.7085220674896384,0.14887371342094247
585,0.5463055439911573,0.39838346355060456,0.731793976440331,0.4942171054823991
586,0.6205954600533594,0.48190450205518687,0.2497851712477313,0.5696965122538542
587,0.4634187736438438,0.40025287990447495,0.5808446733251409,0.3478279606124827
588,0.506035052995977,0.5671821273513217,0.6247245259543974,0.13002316953869678
589,0.6012050668870978,0.41051899177127754,0.6143133078313376,0.48734677257178144
590,0.6763456929424962,0.6495986235697249,0.37934090550836513,0.7357693718305114
591,0.44612294153167437,0.3687593556088924,0.6302404767525469,0.47075239041735706
592,0.5984985831353342,0.39763851251935917,0.7361999168868034,0.4408092869089217
593,0.5169847946452524,0.4110400814714592,0.21025329913354335,0.5373042700483874
594,0.4000818201459099,0.4739396995028425,0.39982641754923726,0.4819499905358889
595,0.5533442341737271,0.5163583232119017,0.6437617773874897,0.2372883426098597
596,0.5902889629924692,0.6268060442978095,0.3532819292998814,0.8443321870025949
597,0.47505939708659556,0.48435290302734524,0.2793604494132278,0.6797352596235218
598,0.5167279699546368,0.3835688750571412,0.33307701307065934,0.3844789946509163
599,0.6723501721858656,0.5588901302243746,0.7983870226324894,0.3690158640777171
600,0.6543894576972804,0.5341163874950227,0.7860081711042421,0.35644233741502956
601,0.5150893770979004,0.583889272826994,0.35413081196022017,0.6532334933746062
602,0.5453641087278178,0.4185761874662772,0.2551442371527964,0.671972912428971
603,0.5890391650460456,0.4493132358561063,0.5599994877742616,0.32897231232634505
604,0.5336729846637187,0.4079537595431282,0.6175798965731307,0.36862933998212166
605,0.6320279317816695,0.5747320931714314,0.7938155775052382,0.3165588863216372
606,0.4753238359157849,0.35294000957449567,0.553406891496536,0.40740819535339556
607,0.6372300967284488,0.6156890691445518,0.76026975710119,0.29064579885060876
608,0.6652761438584727,0.5832688563206392,0.27526114061801094,0.6469484348865302
609,0.547347508738113,0.3892732046638443,0.7933219047096525,0.46380997198408547
610,0.4106927662270054,0.43075332166990515,0.5022145033785006,0.6002403779374609
611,0.5634862551243978,0.47603060595264485,0.7709816054069076,0.37681405137879875
612,0.5213454897339589,0.3765240673477878,0.6710346718172304,0.6071916677902369
613,0.6721937897236114,0.5557166965487883,0.7831717096678816,0.36204591538829517
614,0.4628473310106224,0.4076206102114835,0.15132771663327726,0.45882721272369353
615,0.5368892172623385,0.670560316903123,0.7289837701244808,0.12143049484403795
616,0.6064096424006398,0.4565456813282202,0.663940677931117,0.3727938069222264
617,0.4911710957888194,0.46977518719504624,0.705209073780489,0.5359632072601899
618,0.4395735804410574,0.40065088000638976,0.626712532375395,0.4247343203667804
619,0.513483230478724,0.35523701960244397,0.548544373914666,0.505999950648808
620,0.44798597056637207,0.648000616325856,0.654555051716269,0.10220948992591282
621,0.6195185767881428,0.32344785809827176,0.5670426529198012,0.2953083396185443
622,0.5309047466936223,0.40317162246268673,0.6149992073554349,0.3931907790654044
623,0.6534251187653011,0.5480552670920038,0.8034375845214874,0.36615552401777157
624,0.6185691635829049,0.5531206726660258,0.8340189574319152,0.2891825849102442
625,0.5636552686868539,0.48978371109145025,0.7534884290107624,0.3406618686043931
626,0.5112406165009611,0.5827155544371585,0.2913671861693537,0.7061719309293307
627,0.4982585292763338,0.6855207179872627,0.6371560033021328,0.13882710028578826
628,0.603068223519809,0.5111045081158614,0.7513774970550369,0.3150288966437403
629,0.501250250278912,0.6770732482263815,0.66769365348716,0.08194083121172432
630,0.5124666892121739,0.5168061149997251,0.6801042173795946,0.24605561207085497
631,0.5302750735133239,0.6793724974830515,0.696522500120972,0.17020472060713404
632,0.5812637613096394,0.42063496127454386,0.6567601953201925,0.4193287239508479
633,0.4557320628348373,0.39125330509348044,0.5990374285568529,0.36328827440774025
634,0.48015441662527164,0.652586229013065,0.6717563918451634,0.18581815765959875
635,0.5567700836755509,0.46862148435081113,0.2709271184084505,0.7976593157059816
636,0.5349843704339432,0.621663588826525,0.7734988758111778,0.13909422206852026
637,0.5218674837016062,0.6790903176394785,0.7597886296779133,0.12723663826913306
638,0.5142762186168204,0.556483562500002,0.5344253075268779,0.49798297621311444
639,0.45041867768212934,0.4231856118059275,0.5768862924018423,0.23230347167045562
640,0.3434584097262281,0.39439100652371545,0.29687075343124897,0.6152022281732218
641,0.5603886695959859,0.5373074158525236,0.7046982607336862,0.2990597024061668
642,0.6081404187718282,0.5041899489557908,0.2191441571508862,0.8906114224562911
643,0.5628695176451062,0.5510365715595565,0.3216651571256242,0.6084223138489444
644,0.4167905563520314,0.3771699484877811,0.29639928196448456,0.4027679050978955
645,0.5691194439720966,0.5268429781689095,0.6960599111803583,0.2864564464028749
646,0.4845017879123666,0.4402296399925782,0.6127282720904632,0.28694064734809266
647,0.5034229331501436,0.5426571771775056,0.7479169731317288,0.19369063124137081
648,0.6205238934147934,0.6012375129484135,0.7611227114482864,0.2720479275603216
649,0.5066618295300818,0.4955425502816443,0.6624197166996213,0.24362953511280228
650,0.4693532123519483,0.41113503182504174,0.6226802726415019,0.378885406104398
651,0.6443808024076547,0.4854898442026028,0.7305816854324758,0.36323462430085884
652,0.5295530701287594,0.45955285701644305,0.38046715529477587,0.5593709925835226
653,0.550802230086427,0.6405299634554567,0.8029536496649134,0.20382175852563
654,0.6384695972360881,0.5035272821526063,0.8242125963661535,0.3795272147972116
655,0.45309819896222897,0.4576127864956812,0.3262984956132274,0.5078584191860309
656,0.5947409539941755,0.5015171569408295,0.791610151395137,0.394433220851667
657,0.3021851136548185,0.3736101815232525,0.13117354922281688,0.5641067516319034
658,0.6045112651631059,0.5772051064293273,0.822210191109348,0.353171667000322
659,0.49894921371465567,0.5025651792847237,0.31327009355160335,0.6226619948653179
660,0.4929948300638865,0.4678755658678044,0.43568029792452584,0.6523640681662383
661,0.5562466059646292,0.4111338051013431,0.6744348432616527,0.408881934239654
662,0.6089077415649513,0.3486883511035416,0.5011191411829865,0.3817051236780093
663,0.49203376936519344,0.5741775136018165,0.40450921971807424,0.7394877937582652
664,0.4299204825411452,0.4957105806350867,0.43957629420129146,0.6558998466865371
665,0.4524202020140518,0.5224362297117772,0.2982244540804145,0.6253484157477996
666,0.527502950997494,0.4184735699492202,0.6113654978663872,0.4416094338358979
667,0.5061528591395674,0.7471275683970803,0.7299375335045093,0.10298733552332758
668,0.5070051326545113,0.6290278358821699,0.3373066032800524,0.773368715512324
669,0.42489569068314664,0.5120207697589897,0.5628841548392156,0.19912666062814896
670,0.4993106811233619,0.6687480338203077,0.6262556034260769,0.10545332783034746
671,0.35296455658686987,0.46075489666711483,0.3496953509311858,0.5021861135854783
672,0.5864900507500668,0.4718860991738159,0.7794997516083724,0.3520867623053466
673,0.4985030728897199,0.6633780210651271,0.6779362363382766,0.10230092330923266
674,0.5875476909962778,0.6503916488410967,0.7790871920101137,0.18891739329715734
675,0.5675446505891473,0.6358914583089893,0.7325068552814453,0.18339642352946012
676,0.5919153530307746,0.44355014604201654,0.7305138150884405,0.35322527599294196
677,0.5363177246650639,0.6586665659277477,0.7474643911821299,0.12051676222972704
678,0.6598150723987675,0.4330292572350074,0.7677554051447706,0.43082959238003843
679,0.6164217759795243,0.3830936328494004,0.6631199556638407,0.4483488595694196
680,0.5221075479248534,0.6119542389964725,0.7757005674979385,0.21075996326719343
681,0.5229454444651669,0.5441037164545548,0.3174387691639819,0.6516115210564829
682,0.5439761902647333,0.38472898111471265,0.6546320019392302,0.40543152426345436
683,0.604185328413432,0.6794305779747617,0.77100986003461,0.25081560687546195
684,0.5576326880480078,0.5220508544579453,0.3719694190870692,0.6737952546865098
685,0.5857185206321773,0.2753598108680298,0.48592986478273387,0.44996658599362843
686,0.5373567375550448,0.6126304929276617,0.4632737608839352,0.7051665326529268
687,0.5422903010807447,0.5475420148538421,0.3482557647707523,0.6360698168172616
688,0.533021760227403,0.4620023348009858,0.5514607450081894,0.25878696244572086
689,0.5677364500998325,0.6193677520581055,0.7926995784657898,0.1865536856205129
690,0.35681119809908934,0.5107441327474064,0.4887008752122815,0.5908738390189476
691,0.5153617592026984,0.4089434481958736,0.6987501788665564,0.3484122968932013
692,0.5521646719521884,0.5665548715637593,0.8075921340566725,0.27204077808612864
693,0.6624952135423079,0.5113181522026672,0.7596290466132432,0.4038529074051085
694,0.5443527976981357,0.36268140838118307,0.5268752685649079,0.38188463469067657
695,0.45062983508855564,0.6457677165429356,0.48185295485971796,0.6617078556655838
696,0.5480125213663412,0.3919986735803904,0.6790671425230328,0.36018929614889367
697,0.7667278101006438,0.6307270673355055,0.36240900645743596,0.6807593050044244
698,0.4757943630550306,0.34833014503703896,0.22211403287669446,0.4704075749808142
699,0.38082824549360056,0.5269546304639858,0.5599897240846938,0.4878403540579785
700,0.5671899990828226,0.5110939716897447,0.7318767265923327,0.28980399872730844
701,0.4263076706797026,0.4667253095271791,0.43714484281721594,0.6156537010906791
702,0.48672071438462844,0.43706731226922607,0.5807336815331745,0.21864097384434333
703,0.3205060122293684,0.45396369600783043,0.3696384329061782,0.5117573870403276
704,0.4786588400250778,0.5340688120668033,0.41569537100937765,0.6959834059485339
705,0.4327484545096251,0.6426593136272859,0.3697089055888743,0.7441043583348259
706,0.47446217965463494,0.33946430141941447,0.6396327511038593,0.4222276131950304
707,0.45183551047011133,0.4621252980242867,0.33986258268249975,0.4446992727952077
708,0.6658007436499438,0.4550913026546977,0.23415553217503865,0.7990535814299696
709,0.5942234159963362,0.5320912083453716,0.6872155385454921,0.30410131351033903
710,0.5492340619811324,0.6810560852334258,0.7344419789111176,0.1341761111315688
711,0.4581573230473271,0.6442183329829155,0.6612394691304668,0.11954380963144551
712,0.5587829565503992,0.4995727335051555,0.7395219020563399,0.377057192090682
713,0.4764472799888038,0.5278327036872795,0.34190767116963766,0.8700386456469702
714,0.5870046351916038,0.36873419314220157,0.6155914179255579,0.44904049147588815
715,0.6099508475912152,0.6069256326393827,0.7825625802394842,0.2937375632931164
716,0.5828199514907444,0.5186967304228297,0.3025229111974386,0.5380728706733487
717,0.4475076591057697,0.6097358790138184,0.6829807558247956,0.14218852203037202
718,0.5887224864312492,0.6129453385872271,0.8233516928645055,0.24799159485682187
719,0.5810988701269235,0.6642914352533018,0.45251858740657785,0.6874671148959521
720,0.6225843779787161,0.624617823821244,0.8051436960672826,0.25468170127217377
721,0.4559417347394897,0.676287571830784,0.7193379731443659,0.08854168459464284
722,0.5321776677224934,0.3430049148730369,0.5265665530762995,0.37083876668586124
723,0.43647938078847986,0.446597055128971,0.3062342024261098,0.5116887021256172
724,0.5277651419434397,0.3599175618576752,0.6336745410898714,0.48183398684500467
725,0.6009375793408114,0.5890678646481725,0.8455013243736631,0.304360069861631
726,0.5185858681489384,0.5170080499862597,0.6318602203174988,0.5115470532709157
727,0.43674005286665457,0.48546774124177133,0.37423270007525894,0.6623644945886348
728,0.48973405849245527,0.5862011239102752,0.6548087462780519,0.1662467636561093
729,0.42923520627729445,0.3960894272537091,0.3976574164758228,0.6595733298805272
730,0.5335683601322601,0.5188273483212987,0.6366403035922246,0.4852507484546207
731,0.5916676192833767,0.4766544660492473,0.7635428561470297,0.4143980146272202
732,0.46813001042474817,0.5113273690855725,0.38079546469965503,0.7826762891146394
733,0.6006585138779215,0.5776611694850906,0.34162690133936807,0.6057642520372171
734,0.4985247054449505,0.5601990927827899,0.3070568648008933,0.9492373272115034
735,0.5391893164940507,0.5851276018558536,0.3405168852727614,0.6542751244914613
736,0.6013186443419694,0.6136622429868809,0.35141006821635906,0.6701613106732779
737,0.48596935772387423,0.5162945105475895,0.6667164806414156,0.2539923260342406
738,0.609775603285192,0.5593703470616107,0.3460669741265346,0.8342552810680168
739,0.5317744014267531,0.38924507123265634,0.5851053954797691,0.37446294214271286
740,0.589603925388686,0.6418555572128201,0.7595553961817463,0.16002185483167225
741,0.38904235968585443,0.5564149809226219,0.3331660793184357,0.774778500625894
742,0.4304339213311175,0.51022792581205,0.3402766950948491,0.6596149717370539
743,0.4163732057834278,0.4490441397988281,0.31128984347182814,0.6695588634261895
744,0.3930910495060952,0.4687924645698902,0.32941860781110593,0.6228458648184116
745,0.529871838500017,0.3898574100940311,0.615159936337772,0.3789567988257257
746,0.5037041527897759,0.5545006542434648,0.35967106101548524,0.6662879680895706
747,0.5731897470209841,0.5128334761264641,0.7069123439678138,0.28029420347927547
748,0.40050358055747154,0.640458998981802,0.4258183826388638,0.7159176240059032
749,0.49603352239394777,0.48784770059328514,0.6992652186875281,0.37413964665164234
750,0.4754764653705806,0.6278081253306158,0.7172932858846133,0.15558669220069762
751,0.6019801547725296,0.49523561757552087,0.3354475265872133,0.5800643692606948
752,0.6450496190470141,0.4589370771472449,0.7573216610676388,0.4045014233221011
753,0.5350901006406663,0.3830835788267991,0.17527119284021786,0.6735193481037194
754,0.5278450857482027,0.5316546835591639,0.29385843841557086,0.733562894481473
755,0.5495549626294975,0.5339213759559839,0.22690943600822305,0.6954991018501867
756,0.4976175211381491,0.4046552239204591,0.5903572190676927,0.46116198458054913
757,0.6078028859721192,0.5694504181368331,0.7395704347503012,0.3125903689634212
758,0.41217441625995827,0.3960954281708754,0.18242726470198473,0.5987914798396631
759,0.47316557436618495,0.38897465209423976,0.23271237435794762,0.5587855757520673
760,0.5368135015047402,0.4192840102058634,0.7013194192145249,0.4933371767020315
761,0.46913459473128355,0.5101300925552823,0.5428147856616663,0.21768118903132294
762,0.6587539007908161,0.620185572092008,0.7928503087942913,0.29405309416852143
763,0.5830535395741947,0.41392839436071194,0.632186505101394,0.3326868996089624
764,0.4416791402230123,0.49400316777044206,0.38863188783138486,0.4998026340036471
765,0.320415926204868,0.5068238713314188,0.3190889130860857,0.6996322018034402
766,0.5664178594416869,0.5075636646451426,0.6915813294215973,0.23553880108441594
767,0.59215461763907,0.3715489846882276,0.6608933815127656,0.42329311171149786
768,0.42246534732885227,0.3442242913347947,0.46585234760018096,0.299590704786568
769,0.43775558080219473,0.5678861432129131,0.4706729643417203,0.6329793113673241
770,0.4545646074725556,0.7050274644556194,0.6341194255124039,0.011584126227606809
771,0.37049740668138215,0.42929450872935343,0.663897393157967,0.4756972500731771
772,0.5834810551119611,0.6950988162947465,0.7910523709548654,0.18940679106547073
773,0.4587972462287519,0.5500014197544043,0.47256681839799414,0.44318389736585073
774,0.503333252150056,0.5002098809428053,0.634232819767298,0.4633113750529788
775,0.5652196885456706,0.5787649949911777,0.7610471738826055,0.2595599320651784
776,0.5400597485442376,0.5150151827313185,0.332418441335578,0.8327521852976191
777,0.6205069862445467,0.32964662505906983,0.6384009249136793,0.5142222177769212
778,0.6406688420856559,0.5391694718966726,0.3202734664885987,0.5468884697534996
779,0.5612105324476668,0.5024471251232145,0.635010843116379,0.5219895353990909
780,0.4754402483005123,0.4771811698891345,0.32942490313645895,0.7005344865835237
781,0.5402747763969393,0.5197318798678824,0.678811654284887,0.266296724978684
782,0.5317821454407923,0.4486812426885969,0.28266665118152196,0.6725093483860521
783,0.5689351492625758,0.5313747748457209,0.2864656721158011,0.6558127039357338
784,0.5399860111378842,0.3646614302315614,0.6137118861692226,0.3512424622217549
785,0.4840921983465643,0.6126566270332632,0.6991677636301479,0.1952848713803488
786,0.6122879927983951,0.6043680921055153,0.7654441784893928,0.2456992528767976
787,0.5323310747877696,0.6269615967334807,0.7704544525084345,0.13634041284216342
788,0.430640652191388,0.5067710809649243,0.400391967282338,0.665420206100571
789,0.49338434423871363,0.422368371681061,0.7355373486287782,0.454135023047494
790,0.4637689149078395,0.4118124348824249,0.7512771742615347,0.42328149496015655
791,0.578086466348267,0.4100616115754951,0.7282375603402571,0.39006992991868766
792,0.3253624097098708,0.45749834107359205,0.3607505135561589,0.49689619230851184
793,0.5761845494025031,0.5166565822646902,0.2100646648136098,0.7172733127391396
794,0.5923228459997374,0.6580134515311841,0.7623907568766808,0.20403223645788132
795,0.59377403353513,0.5297750672229508,0.30253126546343495,0.7827932726109205
796,0.3720610985899242,0.5162231459084277,0.267953385564286,0.6488297739376742
797,0.5225976100382177,0.4612544620047645,0.35406875901522344,0.5349638552711458
798,0.5065879489575102,0.6556996950669576,0.42282513073381217,0.717890941331338
799,0.48739865214455463,0.6667481100806051,0.6828613155380807,0.13880676368637596
800,0.5183172444946407,0.506852171413223,0.6733744725038548,0.32227287051427284
801,0.49577340440709766,0.40116537009893033,0.56084085482625,0.3204858134124583
802,0.6220091254294122,0.493476370271909,0.20593173671882364,0.7348786976958259
803,0.37077210508207203,0.40620922931364417,0.5839737886466825,0.31386052851576707
804,0.5479890035202144,0.5042623198431847,0.6453497903448417,0.3895314428252334
805,0.5821039705098299,0.572335769566111,0.7245652693310838,0.29974058613977406
806,0.5141261260181591,0.4166568560387046,0.7280718309087397,0.3311432197969864
807,0.5198865848929093,0.42984970797903627,0.607746539130495,0.36610755489771735
808,0.3161121027886387,0.49012774554959193,0.35051261391880467,0.717783164761295
809,0.49312411714428467,0.547628156684154,0.36797819009876537,0.6903962388088437
810,0.530763914125338,0.45197718214494226,0.20575822821509326,0.7594912964347086
811,0.46405287600721173,0.629270565809443,0.6425533810527351,0.16705022773204373
812,0.574208400894795,0.6684999621049692,0.7636599989640749,0.1817923182141561
813,0.5479959023062215,0.6220993563785269,0.7680143873721255,0.21559690803102122
814,0.3782133081630307,0.42594430419829704,0.3338757774573536,0.5649720807960485
815,0.446490225073549,0.4749627786616936,0.5856631457881556,0.2536253069411855
816,0.5417560699979489,0.5186667362672169,0.33680531360746274,0.6556556459515799
817,0.5589614266566068,0.33745736076095556,0.6448087504637134,0.45858369706117974
818,0.5563527847251348,0.45306641876356224,0.6165340406530468,0.3226621512279106
819,0.3879449013811586,0.5111831444831832,0.6547947650948125,0.40918262440797637
820,0.580308341810446,0.651119632265299,0.8009024908353328,0.1667955471337716
821,0.5897820361774093,0.43470034897193444,0.6669256790767768,0.3386978565685805
822,0.4448203751157838,0.4176651225691976,0.5954615697058698,0.3489022722310968
823,0.5556166185396825,0.6402704047615866,0.7224082833034362,0.1873542053878039
824,0.5437255732181447,0.6746993561331014,0.6974162822670835,0.14680946712385046
825,0.4736132944966354,0.43567686087697327,0.5125357070950334,0.42559862583117564
826,0.4051101467333132,0.5426047621631409,0.38653898900042344,0.7943582123187924
827,0.46033064043375244,0.4697237678820643,0.3625829116913553,0.5751408751808655
828,0.33715695423088965,0.2827718818611971,0.18627798240868965,0.5863333546336664
829,0.4825266486606908,0.5332057608215152,0.3600836665255663,0.636678072351308
830,0.6072531516430573,0.5212136475900279,0.740014493174592,0.25056468970730855
831,0.4921271828997687,0.6476670024134253,0.6468895650886017,0.19049663254196159
832,0.4560938455367522,0.6483195211244009,0.6946369739968485,0.14238356233989652
833,0.7133550482368773,0.47533376134415967,0.8011898332413361,0.42346728577424353
834,0.6076863186061991,0.5014691549817669,0.7251156077455898,0.3432875793807005
835,0.41544289289787123,0.4901172671381002,0.23207503490586517,0.6172950545166973
836,0.42273106613168226,0.5382536863641607,0.3888432144202804,0.3735637010560189
837,0.4916111927933012,0.48744417425131803,0.5971602701094634,0.46436520043306606
838,0.6374165332827368,0.46462318715139433,0.7709868953379206,0.43527449350994446
839,0.5296716179119865,0.5754756357964977,0.35485337845546755,0.6097634935103738
840,0.45264417836781784,0.45860783222317786,0.7001663641015528,0.45414488729574504
841,0.6405761882919507,0.5359239621883976,0.8071591791139827,0.29971065191222296
842,0.44986052385462033,0.48997960635416055,0.3647563688391186,0.4616270937222846
843,0.614520709566156,0.4260535143404776,0.7751625563256821,0.43721958498671626
844,0.528630768373451,0.6002279926037227,0.7881029340115335,0.19922581789057897
845,0.6392821783692617,0.3590463409192966,0.6657462399022371,0.4918811296733442
846,0.4519451971783877,0.3970767893107903,0.573543507407525,0.3277272633919581
847,0.48137636350264784,0.49028351225021854,0.6342576477663027,0.2512853095310081
848,0.5216134003186685,0.5092254958685156,0.6365331771210645,0.3260567488016229
849,0.5262855632682251,0.5538524725359073,0.7100157688772748,0.25977799570771554
850,0.5193743008040996,0.368820492516168,0.5965989083222385,0.3948137768779148
851,0.6036504322207414,0.4503608312098258,0.29700755005196294,0.8106518974605771
852,0.5280856786434018,0.5344189805386265,0.29653330838030395,0.7693792092012111
853,0.5512054339760668,0.3136438667417145,0.6194704622033658,0.5748919378752672
854,0.4985681628165581,0.5825061681471528,0.3152259974324923,0.5652170446881071
855,0.5065463460248187,0.5267761813179588,0.6143438834831698,0.29012592245977176
856,0.52220039087544,0.6598773719485173,0.7272381103774106,0.13117511031933976
857,0.36905909113826024,0.3683239579888716,0.2424428431141879,0.49887198723804715
858,0.47417875922943703,0.371852869284767,0.3364816864476013,0.43803203507149224
859,0.468647529160032,0.37446160793880834,0.30565172327495654,0.6328267299443839
860,0.5766867965791538,0.6800957570298598,0.7724803719307893,0.19053639332861927
861,0.4946019728408127,0.6086519264723486,0.7210216926190736,0.24370647717025973
862,0.49169824452319794,0.5500913039910239,0.3213250132980057,0.6482471509747931
863,0.6220756325297425,0.5086363458366799,0.47694029813326116,0.44782096208020783
864,0.5031412767977168,0.4827632903838761,0.30298618742597677,0.6678584397214433
865,0.5049943970853503,0.4894372523164721,0.2676031457414328,0.9527796143042662
866,0.464962086927262,0.36125957457839514,0.5742568637307168,0.38516075899924057
867,0.5130536862701633,0.5757402942026622,0.31578925555865606,0.585191158065442
868,0.5297702196293008,0.5103772553581002,0.3771087332750152,0.6818805833239632
869,0.505903047729475,0.43022228251550493,0.5864785680977243,0.32410010546729867
870,0.463573595191016,0.7211131767176954,0.6870823543219053,0.08225829391060477
871,0.4880020060039541,0.4401350941311691,0.3407719560190335,0.42511163963701504
872,0.4817714189891506,0.5412250218034789,0.3223744946955945,0.5542985949106718
873,0.5997730165176902,0.5735191459577078,0.7702523836352804,0.33227977076298776
874,0.6051491976878969,0.6353937720996549,0.7885393878038451,0.23918565859952406
875,0.6898146495869559,0.45708960502096213,0.14076323259750106,0.7899718784460418
876,0.5811958529286358,0.4508951747799536,0.7261502837533107,0.41164249529711483
877,0.580343552204911,0.49988003086761884,0.6959143042541749,0.29552873583962
878,0.5290985763731357,0.5305385990126121,0.6385381480687045,0.24708293437615386
879,0.49159294446272644,0.45788243509145804,0.5832312870510847,0.2794709430536818
880,0.5720098659793753,0.4967985059250435,0.6370605095706048,0.3043716326085348
881,0.5416482345118929,0.5989669105140732,0.7686761245942422,0.26052389607825843
882,0.44344929311087483,0.5324866835092167,0.5532101498815114,0.20048441357271918
883,0.45004551966837997,0.4881248231225483,0.4200960618799227,0.6506232552551214
884,0.4826385409980743,0.5525755790701662,0.3218011660376963,0.5653543775040634
885,0.5867014433838094,0.40950050009054767,0.6090421023670731,0.3281517686537302
886,0.5717866925502111,0.4828721015770884,0.741632011828995,0.3321312984671972
887,0.6405966022534784,0.5120311255252014,0.8017758280882035,0.36409829722114995
888,0.4878061706513817,0.46751493492441587,0.540625805888991,0.3082182824468746
889,0.5048820347417093,0.4017703726471562,0.5581119857723902,0.3752082551145879
890,0.42987760023031946,0.3930907650846614,0.5761172099306329,0.39537061627228565
891,0.4672795295043724,0.3444755146300773,0.41930819163907435,0.3201482890059751
892,0.5125660690469271,0.4029579317946651,0.5598089905240435,0.32658237640693355
893,0.4337034500937718,0.6112060171322586,0.6259810111807178,0.09405973255033574
894,0.5372099002583328,0.4939840479403212,0.7111739896518245,0.286495867615667
895,0.3007908084433162,0.3852026341190146,0.4181832574212823,0.438166482232918
896,0.553286035552826,0.4268568601278949,0.6842257412293711,0.37525101153047336
897,0.5661146114791695,0.6508852591794003,0.7437664973639397,0.16790518668192583
898,0.6377759546614556,0.5800459040977012,0.5731062471306776,0.49396449594329983
899,0.4256239177313799,0.44523797725915754,0.6102045187654768,0.40885043570484353
900,0.5845809302815372,0.41639367473978695,0.6403065939928536,0.40930461585635947
901,0.5196202240102819,0.42309490267012834,0.5385375368837892,0.27536496414190814
902,0.6648512016759929,0.6086066557308415,0.38339723017625044,0.774151006188824
903,0.5357880461723761,0.36640471927914786,0.583503482881248,0.4095246419695755
904,0.5707127142397375,0.6159455952278295,0.7901422629000507,0.23715848680490198
905,0.5906798672844311,0.49543699859259166,0.31304726917649056,0.6822222878220526
906,0.6525004836553012,0.3832102556251519,0.7474815148246492,0.5106772873536818
907,0.5397337163389913,0.6061194120568191,0.7946053781320086,0.21248234976239783
908,0.3888557682181818,0.5047322508768204,0.47693543789248266,0.5500671536967336
909,0.6768841002029389,0.529063001237686,0.27995652374426955,0.6544586173771935
910,0.6447463279071979,0.44418825568919623,0.7616515780094151,0.35933987133208367
911,0.6187668319423023,0.35965627002764317,0.6372119245582355,0.4543693536570299
912,0.5938838737966381,0.43012912818367954,0.6748686697648969,0.4544445752119812
913,0.4166087153316274,0.5084995786663533,0.4732779720479106,0.5294772888170814
914,0.5329946475497673,0.5107367112165216,0.7055798449180126,0.2714712851901306
915,0.4058965074701171,0.36459554488536483,0.2478302367848474,0.3349131718915477
916,0.5282559727111542,0.31839226377764285,0.28577091582418984,0.3065645167381408
917,0.6512408673781214,0.46453969626503233,0.7073804354704001,0.4004949962437302
918,0.481581351904465,0.4794565393471201,0.35847322585771785,0.532332989855371
919,0.4830194280737517,0.6991986916919456,0.6624411050068959,0.07838055502661646
920,0.5167719554908208,0.5097686468220066,0.36467950335883165,0.6955704984495126
921,0.6145645165003255,0.32486279259116485,0.6632494780690132,0.45893185132159636
922,0.24322226174245115,0.4980221953594736,0.4336482223628246,0.6911256166986643
923,0.36553963977910947,0.41845943736817476,0.3428445949586694,0.6178655565432176
924,0.6664015133599799,0.3224496872375925,0.6630125958329016,0.5263592918665995
925,0.6032931640637795,0.5765326293411969,0.7783996446283985,0.27533642560467875
926,0.5924701340733611,0.38337081278023727,0.5166311061882265,0.2721259435346347
927,0.474710551251264,0.5119571047503766,0.24527847195015812,0.7855288679505112
928,0.6940931050196115,0.599631046146771,0.29338975847078713,0.6317157537104824
929,0.3805157387798095,0.5457653786302463,0.3819448553735985,0.6718391330300321
930,0.379005510064199,0.5950725479929543,0.42574850846395323,0.6816247727512137
931,0.5130693448320185,0.5861617705017067,0.7297512561542485,0.23801729039650904
932,0.4657782790195972,0.5238472334740529,0.38007884330442737,0.695265518052505
933,0.573448175748908,0.35007515601421774,0.5344264707620443,0.253106215791609
934,0.35334482701142794,0.5021273301468522,0.4367928609608767,0.5761231569776255
935,0.42970561986001116,0.5449053967429613,0.5432197351837533,0.17124407148677723
936,0.5119154100635215,0.36611597676441066,0.6976493520231573,0.5052230406097773
937,0.4401190347235521,0.5000467239246381,0.23438674510597235,0.6854361572888709
938,0.48298376736263976,0.37458517612465775,0.6615111616206286,0.4467578172212339
939,0.4446765471657684,0.6251579534595241,0.6352484258912559,0.05407868182355708
940,0.43061188928898025,0.42347446072736217,0.5241836379908171,0.5275235742937465
941,0.6417004650455622,0.5370320176651555,0.8242183699599845,0.34836874762814285
942,0.41987392499779236,0.3740962489770727,0.47976457693562985,0.25773513609930476
943,0.43982028720986394,0.609835732276592,0.6115108724770104,0.13106943191289638
944,0.5988323195089726,0.6766522157309509,0.38672637656713943,0.8072520402522224
945,0.5029286185384236,0.6247533423900784,0.6825252208749779,0.2429158529577628
946,0.5725557118187314,0.6489307248908489,0.75190283486705,0.15021091294181566
947,0.5061081473933453,0.6006924560442151,0.46344149855430145,0.6033718073499842
948,0.6241330444326021,0.5001906528176345,0.3646331073002738,0.6286334797403269
949,0.5413780970400499,0.5204568598124235,0.6794605259315227,0.24923760837382486
950,0.524114929345858,0.4557850254326322,0.39662134022392653,0.42996529243366066
951,0.5496876286179513,0.4661776353541533,0.6216918761995207,0.3883042124630547
952,0.48003062730537566,0.5014495652802726,0.6352514890879097,0.2376300222701095
953,0.5001996184263762,0.42379670476658937,0.5669065726265758,0.4329351894707333
954,0.4512015012525607,0.5422084495286716,0.4447177215456159,0.5497852895555986
955,0.37674131757619406,0.3522043931476942,0.6155674589031497,0.4308441205067759
956,0.5650885982607745,0.528298125094606,0.3590886052116434,0.6233292016147123
957,0.5283289446358477,0.42343040000715304,0.7060413815566866,0.39779297387476514
958,0.6843818649316538,0.5630218705643736,0.2731431323544808,0.9090668396480247
959,0.5345364219369186,0.437076905897473,0.6317926222964996,0.3301794783723477
960,0.6203582087956416,0.5897245488615844,0.3203541734139011,0.815859887933484
961,0.5291641787462131,0.37142562304819277,0.42275707341175167,0.45763144872519945
962,0.501388916500517,0.4906823632019112,0.25938280632482164,0.6437670672338721
963,0.4485135733078341,0.478481080411119,0.2917674354963435,0.764586677623013
964,0.4289038139543702,0.5703146732288453,0.5577573306754409,0.09785851768312316
965,0.4836482720863778,0.4163984336404636,0.7105128620148975,0.40667940863795826
966,0.3850832079771228,0.46734813876901005,0.4205982132309876,0.5841364747793519
967,0.5218290418538589,0.6074302087201245,0.6956023776239579,0.22543384102817376
968,0.6989634339648418,0.5323241136273723,0.30266386794524686,0.7170883300549384
969,0.4866218601023184,0.5723707599804909,0.5668705301155088,0.5038831270088736
970,0.5002469834398207,0.580048681553426,0.6553840038336616,0.23341574464765596
971,0.5135187745710128,0.6696794990679865,0.7283260448413487,0.17535930905189434
972,0.47648121168166907,0.5751310176163773,0.6535734451227475,0.18518446416674078
973,0.5566850742713068,0.40568754068333873,0.7039968774545393,0.3751539837063092
974,0.5188483847926229,0.595179765029775,0.3706542744102626,0.8954787866926922
975,0.5808150135558736,0.5488155853886822,0.725338324509047,0.24205718057657866
976,0.3374689427078008,0.4548739162675417,0.3891942881302389,0.625169106574404
977,0.4816903431118145,0.453521875088617,0.2344507912635218,0.7207849248238759
978,0.6133233206806199,0.29289560714823776,0.5224985828548612,0.48503996667580884
979,0.5694857621140397,0.3817661678975741,0.6625873030017806,0.42230237557889594
980,0.5414893656437982,0.5103890818733409,0.7007426405613888,0.23350498548848958
981,0.43221036551230513,0.5175094923143165,0.4972777650190879,0.54640728107915
982,0.6612976809446718,0.6085264631373986,0.3620596531752646,0.7725399980811746
983,0.4651686928006073,0.4289328485021466,0.47001348197822873,0.5970052181533556
984,0.5620624110632031,0.5561568751955849,0.7556657731142213,0.26241019451455627
985,0.4776141714149575,0.38145625052164384,0.3500860812483693,0.5964766532417201
986,0.43019652843058337,0.6172515156978623,0.660781430814098,0.09306156386716616
987,0.4124942540735155,0.544611700966004,0.39279077450852834,0.6499506933161681
988,0.6087171352268781,0.5328355649262044,0.754135941101761,0.27437984992161485
989,0.6092246828735168,0.6156112567184595,0.798127293635724,0.25661932884590516
990,0.4825797818692214,0.4137995945670661,0.2928485495199748,0.5609748685489273
991,0.6737687667960073,0.4164858773606633,0.18040681015180438,0.7758240566888559
992,0.528540210828931,0.5368607930109456,0.3159623741012763,0.9314495618654988
993,0.3518884113640824,0.346418981246757,0.2415481616839923,0.4229553402912575
994,0.3489996075573392,0.5260477449744119,0.3786556127538974,0.6954223816408547
995,0.39414957913015525,0.2931863225438284,0.20823210317791874,0.5258152433258889
996,0.5679967018433716,0.4891523613810757,0.7264547385456037,0.31877810783110544
997,0.4592722554688638,0.3802971058741749,0.22588043017835163,0.46659903152308047
998,0.5411707417076699,0.5304438662675266,0.6676447950336177,0.27042169929610543
999,0.5278255843494946,0.42003196223460787,0.2208481992615065,0.7345286547236585
1000,0.5130891333367436,0.3799657786242966,0.6923830322468261,0.37840285544804125
