# Name1 Surname2, Name2 Surname2, Name3 Surname3 
# Team Name
# ML-CUP25
# Submission Date (e.g. 20/01/2026)
1,0.6456906684495384,0.40241849425698206,0.47190910991458757,0.7167247826814506
2,0.8763060296667939,0.2722188008397757,0.34207679597107077,0.9307393963624127
3,0.5785117924094454,0.17896181713500103,0.6636951389123827,0.9907621555393796
4,0.8234535644704001,0.7457411365514027,0.20804665426626923,0.8761397846840072
5,0.5257888435355464,0.8892900220719556,0.3298278294248793,0.06205105263543276
6,0.4759759686597461,0.26983760481787766,0.7152292897762982,0.9571065528560324
7,0.6909741511515639,0.8869339297092035,0.45302401360120637,0.7716407371953017
8,0.8430434366717035,0.7108756275835424,0.5077772860695646,0.625866109615368
9,0.7005069956788803,0.2530844032214269,0.8095792609149848,0.9503245389672733
10,0.465239315179936,0.7010671831098774,0.737025905790354,0.6622475475214803
11,0.5471151083286355,0.8816479545748106,0.44892670926889444,0.06110295648660358
12,0.8445563757121602,0.6739812723165507,0.8492586264996466,0.1385474424446943
13,0.03075294050971633,0.9343745403825013,0.14772830585057428,0.8096523320704518
14,0.8232099421806358,0.708705200549003,0.13126221109287095,0.6673986245608076
15,0.8890865833268656,0.42553164480088324,0.41351685437859886,0.4428583095794191
16,0.08227189067620644,0.8920255690299734,0.8691828639805104,0.9979093217902862
17,0.5851831414984134,0.7511916364513858,0.2026719063073047,0.6675288182241695
18,0.6497328487573907,0.9012087358416124,0.8307927228390741,0.9384664626177631
19,0.8688334727016075,0.868693894898852,0.06372332668871827,0.8459619526959559
20,0.6074783945031181,0.3804444517659612,0.05651462438806232,0.6776737747680467
21,0.32820175053761746,0.46777626498603475,0.6817284370551343,0.9117745470241428
22,0.8254369156049984,0.45059712910359984,0.3877831574463789,0.23977973884404746
23,0.37242675117596824,0.11104638729189831,0.9711055083647545,0.5739174439595789
24,0.1278058427952129,0.3528060092659058,0.547039143620656,0.5328856366408696
25,0.035503368718632355,0.9508410342291114,0.2753756814749446,0.01618466893189119
26,0.07644400895028247,0.580194903247977,0.13778552067509686,0.04172479285350328
27,0.37962646641271136,0.6227611923401886,0.11183980484161238,0.31332783215131554
28,0.4177606716245422,0.15946009778676717,0.5060738984667101,0.0852140869017709
29,0.04651849634506866,0.5198353671551348,0.24789697275087563,0.09537380789802752
30,0.4239125874876323,0.9151407395173947,0.7241924466541549,0.8156159153470276
31,0.8719139887586365,0.9726277413964189,0.763246573514173,0.6084079219394797
32,0.3654258803022472,0.18164323655771608,0.6866598739832943,0.9949499861219419
33,0.46735868461891905,0.7236793680928076,0.49509244999315616,0.4319334233634766
34,0.4103056135599151,0.5046246829316976,0.36689566186537503,0.7487733218218078
35,0.8742720265915166,0.8828853066451842,0.22769871342582593,0.8959091387314908
36,0.34155123185510505,0.30930766548529764,0.7267560573982359,0.30469634008628943
37,0.05296640560971011,0.373617772310308,0.721465600358349,0.3269584202701765
38,0.6295590559951465,0.6601194442631304,0.7337360117263562,0.8971304663109364
39,0.43256449926843143,0.16643207666245707,0.3189257154318894,0.4321672551739859
40,0.7138914693281131,0.013122125561633502,0.31578538343987894,0.7798425810193168
41,0.6708577033306954,0.7317399735856052,0.8118107694391947,0.7832357188779623
42,0.6821831661527781,0.4396615323705906,0.9835983288781539,0.5690731955900737
43,0.20276920936883913,0.2928128551047844,0.69356245597047,0.9247395651994635
44,0.17872012920589753,0.08234649574578634,0.8815310480420061,0.9152779789128344
45,0.27637934531589947,0.37728572437123986,0.6601879974978584,0.3299300208424748
46,0.8771587082700529,0.10757870271386272,0.03798222096019521,0.2084862067427895
47,0.286087778204969,0.11292659128887506,0.06569042934064673,0.7556077135017982
48,0.16427656590225737,0.913922199066304,0.36799966144809604,0.6706058097213454
49,0.22540211476880023,0.24032276849186684,0.5747092028675753,0.5606429251459861
50,0.7687292280120813,0.757813305694266,0.6706877646636611,0.449130565893491
51,0.8906403862806171,0.6225784902212987,0.9901984904623572,0.8193698179343586
52,0.044309811238326224,0.32059390708031776,0.5718757164709517,0.7214695378714872
53,0.5503364977619415,0.7861304224621818,0.2826556527573446,0.18391205123282506
54,0.0539166837897701,0.5733137445715221,0.6885995206754952,0.3261497171193616
55,0.6135841848558766,0.05215723085332924,0.09929334629680364,0.7017547722584984
56,0.36806970521729876,0.6713340311030056,0.8317211202799181,0.8526224374761169
57,0.17216764546445096,0.4862855723513465,0.7339267236324865,0.7739805962669104
58,0.7846759807288776,0.22816733438058445,0.19253481772377334,0.5900124682736959
59,0.7410857977382197,0.3191395155341933,0.10470515686242154,0.7167463829100775
60,0.2996978313800045,0.16636272431172183,0.14772352839713165,0.3149095475267163
61,0.5926780659137455,0.3584022386938166,0.02066185159343159,0.09690843467781107
62,0.2905032471986191,0.6597044821470919,0.09851507346853383,0.5606568535006818
63,0.11988587082400426,0.2116153273493815,0.17218852755576275,0.06722863557081049
64,0.6713298173865903,0.4634035473860345,0.8310534408973382,0.09889083998231696
65,0.14473293333807224,0.3064577313504506,0.7658659869388081,0.3057588231556988
66,0.4084187074986926,0.30160356629716456,0.08022429180102997,0.9394336228961874
67,0.5485389920711888,0.7878331881854967,0.658357092185296,0.5142542790619751
68,0.08967825665938012,0.6427335452703044,0.15537035593683213,0.4143831693562766
69,0.6291131434804303,0.7822290004721234,0.6850451757086196,0.6715335290546288
70,0.1490422091752075,0.3461285400715879,0.04291227266019415,0.7194768931764646
71,0.9525859813174191,0.2641103901790758,0.08769670916230932,0.4755700767536536
72,0.8566982231275688,0.5519741952717797,0.046777150190113304,0.974272240527946
73,0.8286499099626007,0.13159407705151016,0.9217977565035089,0.4506882886051886
74,0.3718979905749412,0.4610533305271882,0.8345719568709472,0.6594796782867858
75,0.059248452399727536,0.9576043711161709,0.14778413347831776,0.7455679517353511
76,0.636136530428131,0.18752804794656086,0.17073207611304964,0.870327593704692
77,0.41969492349959714,0.6545765141741385,0.5040710038566732,0.7273535170759595
78,0.47924237503933054,0.2873799152555684,0.3633833709964964,0.8590776944503427
79,0.46803469292272704,0.21344933224460927,0.9346053880772532,0.796600456498377
80,0.05566614605619913,0.9989429619805178,0.6949266964401023,0.16026659904058693
81,0.23716768129859644,0.6924454812415469,0.779761055279122,0.23903594314980614
82,0.2569688538992708,0.30712069487206084,0.5980183648366367,0.17181617830127693
83,0.10424319888477751,0.6788640890855135,0.7790979397931701,0.5009294044165055
84,0.3638327102683854,0.4320427135264764,0.3884078338719519,0.9599849082376752
85,0.7680899052191402,0.20808721485011028,0.3841891520539801,0.5440122913631098
86,0.6129858620636884,0.4681838960287671,0.8101266350119591,0.7676060194582317
87,0.5051579186281667,0.8544293867817304,0.7510895304423859,0.7785818487206433
88,0.9564007794334166,0.26646694120920267,0.2676481623668492,0.8889522556906401
89,0.7722263733856795,0.9265455414356274,0.06313016032445307,0.6277570772615966
90,0.14462833812344744,0.5038971982925826,0.15574693185344424,0.12807850898487927
91,0.012168345382033152,0.6302388123829044,0.35902261669008606,0.1051882848789717
92,0.32283777773130984,0.16894409145158495,0.9416948315016594,0.3200048857613481
93,0.3339535232893899,0.8398580033995856,0.6477557612860042,0.7101716074030013
94,0.6360018039889606,0.9461962839485654,0.20700083155804516,0.9890392417557957
95,0.8309561775565132,0.5889725888763422,0.662371624396249,0.6488258765006141
96,0.0583962240591539,0.2180164985319386,0.9614708845247492,0.5343644288593793
97,0.37835360326191203,0.762038463389075,0.5245189426558096,0.01316277143189759
98,0.7362375967151179,0.7322175600528613,0.1651487121099744,0.9566600884242134
99,0.22390813154111433,0.4577493673821993,0.11473596126091468,0.6032823194505884
100,0.3754511200572125,0.35317346220970547,0.8269768772209473,0.009561712850478243
101,0.7979467708924225,0.5714485657480787,0.9860985134801991,0.589443220604249
102,0.05537913414795792,0.050645326443726324,0.8831529863718319,0.8412141455110531
103,0.3458900755820232,0.6180324841811372,0.4895913570556003,0.9671640551360522
104,0.9499609008768916,0.9838390085407746,0.8664487806342642,0.9095515907751013
105,0.21727877876713642,0.8310067889897745,0.7088571132042747,0.9627865088280702
106,0.5712618284426194,0.08516716671055635,0.597398891187153,0.6865809280212878
107,0.2203210287124283,0.3941133835127284,0.59850341405168,0.37410573731650554
108,0.37494771723866394,0.1330866391727974,0.940746723077666,0.7504943844950965
109,0.001243438866102009,0.7656132840221652,0.7397949926578588,0.009730960155522994
110,0.36960429761376457,0.6067476903255307,0.45275065185803587,0.7779861187205073
111,0.425458332634434,0.15386296945383704,0.9764156242738286,0.2420399927760466
112,0.7176923105413323,0.14315631166407194,0.32901261378393265,0.44202760843042377
113,0.1922320045270639,0.4499595763686095,0.15716282299175,0.5590065389858901
114,0.663713252520194,0.06243428402801077,0.8711321210821681,0.18514088504203552
115,0.2253624253203238,0.661349840083063,0.46875106043441406,0.4993955991710657
116,0.12815498456313268,0.8057358218764082,0.61705424610421,0.13538204330945602
117,0.373999367025596,0.8104099327350301,0.5683550459866207,0.10864877913293047
118,0.3727770457892867,0.2426943984557346,0.5174655536537264,0.8433611288719896
119,0.4362671348044198,0.4333420303683231,0.905350902327037,0.5761854125072724
120,0.5661910873974069,0.2619098918753894,0.6077227478371263,0.5759104674173964
121,0.39685147034186397,0.9906955658991805,0.8818909649480867,0.7495862900768155
122,0.5373455884130005,0.46205980189463025,0.18489739522319937,0.3057374740146237
123,0.7739607998232102,0.45374895393755144,0.8822695165695014,0.14791113634552877
124,0.5083470960136365,0.6469656840213087,0.516848456307926,0.8892268915849871
125,0.9895632818291398,0.11583465834136975,0.129954904076921,0.13032411356012108
126,0.6811770960705276,0.3726760954958379,0.733314661265906,0.4054714728869787
127,0.6276067213320636,0.7698580056788935,0.5482159106549206,0.5395035904500061
128,0.08823432528563446,0.4107817429094348,0.5457771532249376,0.46198082566640997
129,0.9007820001884255,0.9065306321194894,0.8219173805887617,0.37529807537312
130,0.7172991516875343,0.3952884610696098,0.23259359897575904,0.3429026435508816
131,0.07096463328553548,0.3317775090046472,0.4607422172611716,0.95548089478083
132,0.3134105862196249,0.9024535392055206,0.22885827582349705,0.1909688977592494
133,0.5189954564321649,0.672511369297406,0.044332250802281425,0.2210658650472167
134,0.4556836665013164,0.33100433598318146,0.7126210793483219,0.5111605960413168
135,0.1603591056039002,0.8944653793150905,0.29290567548335955,0.7311311089644235
136,0.7799157791054099,0.9631577002561021,0.4985074665241014,0.6158355154644322
137,0.33487629347953374,0.6781792934120665,0.4633834858663197,0.43765236472442226
138,0.8554675291161055,0.050168843498688664,0.8819624278318685,0.8520698378285569
139,0.5063662535617891,0.49020285420562826,0.3618073680354902,0.9941737916817344
140,0.11116933275384122,0.590215235628607,0.681681590112417,0.9343300082169445
141,0.7802034968567615,0.6438472028115468,0.11681231681212267,0.3737335168314674
142,0.13884164254798526,0.8812127324655137,0.749621155563643,0.7575367867972292
143,0.6522565177735441,0.5070435369367097,0.1499710594634972,0.32969488670505176
144,0.13691579247689056,0.7249131428523432,0.16022877602200503,0.7021135501716855
145,0.6922553895959047,0.4593044789912889,0.1352286541180523,0.3148008261340367
146,0.32009310907555144,0.7003851331432934,0.11374301941372433,0.8290686462160908
147,0.761007290185914,0.18630691817427392,0.7191643817788894,0.6685131814678218
148,0.7481208001109263,0.18892855544869447,0.15759032215646862,0.23648398592275421
149,0.36587170314897566,0.7936649810358012,0.73792393747885,0.9254515922785331
150,0.05862955909861545,0.011556281014185599,0.6991388297007991,0.2792874957941657
151,0.33407889553381753,0.5468020259145122,0.10241312312679851,0.6426944165480497
152,0.3251474462311502,0.6327151243009916,0.8340069130733858,0.17111133333742967
153,0.9308730929145203,0.5306881410624438,0.9229277651739684,0.20773008220177813
154,0.6045626646042376,0.4038871173236047,0.7742221911560132,0.6059089432132964
155,0.49451545695831844,0.9129854064310087,0.3771170641716802,0.2199802048981815
156,0.6081011868520917,0.6240284371728138,0.4390946215718754,0.4866100436893823
157,0.9595534142998999,0.7326856913968013,0.110601751482577,0.21213007087061098
158,0.975576634435559,0.7264655537935313,0.9150451261446532,0.30386146398872205
159,0.7418668600865923,0.7140027085235114,0.2946899854393751,0.5508163254507054
160,0.6274151112702953,0.48113181082746503,0.8271787066580127,0.8328690417979895
161,0.8506005483015567,0.8034235690981628,0.4880834771971446,0.3814382981490072
162,0.8313762837143706,0.49020145855626684,0.24637139862798185,0.5073435323222163
163,0.14184982191924211,0.6916294905987989,0.33592128162390633,0.2606587984474543
164,0.956508746234745,0.7768809957583076,0.7870695027239316,0.6237219692791834
165,0.8391728105102971,0.7591624811633813,0.5987737041336165,0.9611244018517173
166,0.19159494968442303,0.943379718994751,0.40143816199886495,0.5283989834014866
167,0.12273931954430894,0.5401074389217909,0.6112067518581934,0.997701541808524
168,0.9751924110715265,0.9663972918742872,0.34838806010205736,0.9912664987450435
169,0.45547815159511085,0.8518362587619005,0.216319969018972,0.5058331796566023
170,0.9660120961276054,0.9470313969234275,0.6837348778214267,0.7978143225530598
171,0.1764266966024014,0.7216585494841574,0.6180508083353723,0.09155173575124609
172,0.11315900658967626,0.10844361775126188,0.7243569348298357,0.14171520824757244
173,0.46773227111447047,0.35698180587775774,0.5505041407702178,0.7064764872194028
174,0.684722537221332,0.5155199159143766,0.4643348736103855,0.3978155951222587
175,0.8619099483043794,0.330851804872645,0.25936582116749485,0.7433154936552713
176,0.35976346169672646,0.8469985997572684,0.32788871863714475,0.7019448245745882
177,0.045109006285336095,0.38556288011032,0.3432301749675515,0.8166787392759234
178,0.9670554032283101,0.4608812766929614,0.8248362771537581,0.6996947009573651
179,0.9673859876636932,0.8111085143428247,0.07747806596373052,0.7132817223822362
180,0.5354997154223736,0.016436057932327164,0.2513129587254437,0.921755245026893
181,0.9260613727867529,0.7988504602006344,0.9817796032779894,0.8065452246242049
182,0.010204187285245192,0.2878343403015118,0.030624182237762865,0.09410796873755944
183,0.21884081695077606,0.5035585463255224,0.8475320034620177,0.861966756157108
184,0.6162018585572965,0.928175939066235,0.5000623265902081,0.8890360441332016
185,0.4540652563320121,0.2772250074218823,0.9164129181004277,0.3879350756788693
186,0.5034041088444616,0.3288606325306772,0.6628376002907298,0.9950312250060355
187,0.025513548864769642,0.8998480060071015,0.003926056989265403,0.3642278811462111
188,0.1686068062895143,0.7573417806725513,0.05061084075717348,0.5534849535843279
189,0.29492613384531263,0.13367024886470213,0.7718182121026408,0.2174168342552567
190,0.2236752120549389,0.275076785137923,0.5867667638280274,0.6596659316907483
191,0.017602523701344963,0.2418696361137903,0.43097084250528284,0.33197695216123313
192,0.884170658510886,0.7877087308864188,0.6258902155388275,0.33804241599703977
193,0.7006723448461598,0.8436380128457944,0.5948303773589867,0.7844614668933791
194,0.7491049613997478,0.5717373111603222,0.31218321682151096,0.7457821580012718
195,0.20679636635760645,0.7794883464715338,0.804546692142533,0.8221448795703731
196,0.4729159709784576,0.19248076777042167,0.09972360006606873,0.7433612504879242
197,0.8862613845298132,0.6508383588369067,0.1441600603883696,0.934896448517574
198,0.9891020145393196,0.43337860993492194,0.5948252892737712,0.7772285200016578
199,0.7363897900500447,0.9677871919334492,0.11488309107878891,0.5807248661428057
200,0.6919314196730921,0.89009842418767,0.8741096277181507,0.97799979356129
201,0.512078453937679,0.8307608668132266,0.4272817081273277,0.42231387785603225
202,0.253348364472859,0.8182372870192298,0.9858151058135156,0.2563417283472579
203,0.05613158802107232,0.8155424374190073,0.6202300525347562,0.9596988005510044
204,0.25223921907695224,0.07102765800128108,0.49244226086650156,0.08546602296514749
205,0.26179000110270745,0.12597786081916829,0.2241321796600787,0.10614465282139185
206,0.9539059994272854,0.2785627134497355,0.44389758599256546,0.8986118076342223
207,0.6773215879614743,0.6180374805617743,0.7055631903608371,0.8288222571053818
208,0.8776692678517609,0.6426396706650265,0.8900072746940577,0.5353975274254769
209,0.2772908562684234,0.8800767088838444,0.5414728274130871,0.9061375875672343
210,0.04016781395058122,0.39751575154123553,0.9478050183624682,0.24965009275830274
211,0.9415362460384926,0.9539024611292499,0.882142314225861,0.5636680450932987
212,0.6469394490806385,0.8696169984498692,0.7758970823891844,0.6300938494554116
213,0.9822594078707026,0.6856766363336941,0.9754819924477611,0.057388474607090734
214,0.13896037074221246,0.4514588460004906,0.3848794608843151,0.7827348413570278
215,0.16061402646920375,0.9760951791114886,0.315065875260914,0.4289237077401594
216,0.2747450324400229,0.5793636173265473,0.058628700422583946,0.1496775055704488
217,0.7457977034187242,0.1865005834048039,0.23551445155666284,0.7929822357248377
218,0.0933011783572536,0.4374738227708409,0.023063386997226987,0.34680739931790383
219,0.6989814026107545,0.09010327971722831,0.8883346267787601,0.909499042940716
220,0.1049903751251351,0.9907324363757767,0.2975295533954889,0.08410167113160605
221,0.005067114497262271,0.4085228957638626,0.6298099857061177,0.33217924990331327
222,0.8367173654746227,0.7166062755650501,0.3501615319680327,0.7343096666086046
223,0.9404877369692498,0.09309599854301709,0.3061039601576169,0.4633259391166933
224,0.4979901277547686,0.5421956448860736,0.30062690653864854,0.6672596459823491
225,0.6450845035298297,0.5778215062716139,0.11376172171087662,0.4769678910959445
226,0.3562268874893756,0.4910384698381226,0.921866435515026,0.4805313431584083
227,0.013980791839511841,0.43883673808413093,0.8206481800493821,0.7800609232181682
228,0.513390073528181,0.2497690128593153,0.4650886629145451,0.5637022194181917
229,0.9998714382741338,0.6441780901693773,0.6942649300626135,0.49145414356805195
230,0.35448955078252986,0.812952983647206,0.4949323243392362,0.9946901299645251
231,0.4571205742680441,0.06800028364757738,0.6825781370900827,0.04664145092581107
232,0.2505015968847033,0.35373825277990334,0.7394835856213277,0.4942359264076128
233,0.02864593131025661,0.6168498512759222,0.41143623742666235,0.9218345099671071
234,0.4995623111402354,0.708975145939339,0.21886849232954686,0.7609735645316532
235,0.7209553104836723,0.9040817085413082,0.033821641719199214,0.44750069761745115
236,0.6791554027396302,0.09516390008021502,0.4106040671489124,0.9421466030661954
237,0.43593449089112823,0.9854047834806314,0.05683906107981962,0.7178297761408913
238,0.5810162362482695,0.5005396771321254,0.9708474014850094,0.12965040049112864
239,0.8959989516809134,0.6912404111366103,0.2589960732996327,0.9016691456322934
240,0.42929491786101326,0.8142273280730709,0.38883651704739997,0.850930827433241
241,0.6366291184450487,0.14104663358372715,0.6496631634695276,0.19134476270187262
242,0.4119226278941627,0.17029558425203373,0.022016115667118585,0.2118865394499575
243,0.5363720237241257,0.481560967777346,0.5014970955360637,0.2476868784466013
244,0.6851612006141862,0.7042632868203458,0.35796782555966555,0.8811700884741743
245,0.6440232166355478,0.7130392752586318,0.2773399179389394,0.0006116351555870425
246,0.8653756121021096,0.8224243845798085,0.12319188804283021,0.3741051349563065
247,0.6613393083885826,0.6521108572187282,0.8603503348085565,0.14026816163542855
248,0.4299397477851188,0.09722441792642478,0.38959524843862814,0.015107445587704382
249,0.898273065110127,0.5270439968286811,0.8498022608023537,0.05990470100336376
250,0.22745811047292064,0.2593799952211806,0.38669149463878805,0.8028663723975461
251,0.38655787373149264,0.204653529646327,0.06499026033876842,0.07949174835268746
252,0.7600472059609774,0.444802991036633,0.7261811220000153,0.6822871217636975
253,0.1353624617602578,0.1428879341922672,0.7553420154341339,0.7212682934854172
254,0.37803076687431036,0.07742226333284008,0.0120980216984522,0.28815694946174486
255,0.009222273587226937,0.2300726211037034,0.41950074021133854,0.1214157653119542
256,0.10427775783154625,0.8964374357187366,0.5854700290228892,0.9344556867627815
257,0.3458261637856792,0.6771449373291631,0.2046916746217904,0.6183403172799412
258,0.1295857300099844,0.002080639176285759,0.931531801409579,0.5548943761752093
259,0.9269406627820395,0.33383152370207203,0.3277860691617568,0.4006550017730317
260,0.7060409839581683,0.5658086341861742,0.9253549070991179,0.025440901132439353
261,0.7081959379725364,0.3303276893665543,0.18023365181846118,0.510395622520099
262,0.505063784179996,0.1370110286884284,0.20189605613288986,0.4081646649015549
263,0.40881141239231533,0.3175581396196847,0.14854515150998093,0.004373679100979522
264,0.9702350624280206,0.943499229703927,0.4836503791761352,0.9950517532750057
265,0.6736543307822432,0.06885753760754154,0.11771819908262737,0.9161108438696377
266,0.6300522021496284,0.8431836266573511,0.8982696496338443,0.4479420112823861
267,0.04852595157669304,0.18828034889732204,0.0665719473024351,0.18873984569850732
268,0.4105329264558768,0.11819681051498543,0.16673324780534327,0.4458217820716792
269,0.34017095038848955,0.467658124188041,0.42917202775906205,0.6444780259798835
270,0.9371895488758545,0.10786433844424248,0.09926014930919491,0.852806111090902
271,0.5063967046524591,0.7664050235684422,0.21542190360728142,0.8288625731675517
272,0.9238466241926959,0.6354830155464882,0.10587902147380224,0.8952948141563388
273,0.7924877273700713,0.7508777765144898,0.03672818890591556,0.7989625252569712
274,0.137951010468357,0.22238617619688839,0.5771348348692575,0.26498077291688305
275,0.6613482063119197,0.6080704476990816,0.10814959801326263,0.6560145795915063
276,0.92395490982493,0.16110990518583312,0.5970620209428874,0.3418653719366941
277,0.45961167177360396,0.2870001790789699,0.35413063634769526,0.02891182326655728
278,0.9815517379172206,0.6247999220727483,0.5007055904938853,0.3837153495003267
279,0.5393745588240276,0.38010599871580397,0.3599079274936733,0.4639465417220131
280,0.2759830336711908,0.18004989996678544,0.5566058981802935,0.8427654361503011
281,0.1528281777258923,0.03273434060421865,0.24681174515403614,0.9797206434538108
282,0.8287580737433393,0.5958660535285966,0.9292489152431359,0.44527911683724464
283,0.9832806025751739,0.29630204511928404,0.24030574951593908,0.638048201147011
284,0.3781539679503604,0.6263655419762578,0.3049955183026858,0.6179182568379911
285,0.2757462605850364,0.05097206881888994,0.9121359019231834,0.8832052018734622
286,0.9707981492726719,0.7165271762214047,0.6827211777353029,0.5590030700748307
287,0.12594241635252268,0.18923531094927004,0.2894696886725362,0.8901563625733944
288,0.17296952460307513,0.9228731744878906,0.5227857330514172,0.7155696354730722
289,0.11024448668056652,0.2690335487759109,0.9585186081814263,0.2661499469297314
290,0.2965217203911461,0.19759738484107947,0.1290736653068295,0.23325764145399797
291,0.6423268919507984,0.4553677335035635,0.5537558363378986,0.12236482876602428
292,0.8021164471629001,0.784094700579848,0.02158991114267539,0.38351509451030497
293,0.06877060197114782,0.7921057794149581,0.7372696831257044,0.9019880942931561
294,0.2364039589531146,0.4562958831277989,0.18448787716439774,0.3712349344741195
295,0.522243251566884,0.053330789838588966,0.7148704106773852,0.5432933603710752
296,0.8289590172106733,0.27178050119119723,0.9033211052692545,0.9986942530304433
297,0.9192984383776744,0.7778924758331541,0.8123688028737808,0.5737442425445864
298,0.1901538629126105,0.6770406851477173,0.7127530020599315,0.9853851402679057
299,0.5413013162563218,0.2713690150250564,0.6836725217395068,0.9793758196664546
300,0.177213908269094,0.32599791853560267,0.5418809537726811,0.17021463488200483
301,0.022220639519938357,0.3369831224412506,0.865370801501058,0.043468399323714824
302,0.42892905901691747,0.7622007729260825,0.9531825969108852,0.9854753990044323
303,0.4219693806087417,0.9503842943791175,0.03541897328086374,0.7459169379985563
304,0.6427460346336129,0.2495218575861523,0.5073185006796489,0.1295537377604956
305,0.871597150951561,0.35789808554564795,0.6260444704657165,0.15877628628726226
306,0.2061648446312071,0.991956370803152,0.7530863944413293,0.9619718697740708
307,0.29585116521204413,0.1645628766198204,0.5030684634788309,0.4946682822273434
308,0.17494651375798786,0.7332195695814102,0.36177753443873406,0.18636523093051727
309,0.3319833945432884,0.5636586996350151,0.7264709321804432,0.48189088605748454
310,0.5255949898283735,0.1389459359427484,0.9146909247082321,0.9287241979920444
311,0.6834265904180037,0.017631408934024706,0.537074215903326,0.6292189720886135
312,0.99465422295811,0.9960669551947968,0.8576112353255574,0.06383099202611353
313,0.9532763907787299,0.6126612471519991,0.8008867704791794,0.40719284968585356
314,0.3196694712345898,0.463244145483808,0.14687451296882692,0.35706613875330606
315,0.8576174997682786,0.03795048626088149,0.15087804682460448,0.12511615964948553
316,0.40307554270022805,0.9969869008908617,0.17335793021138268,0.14548264959926016
317,0.9150557297761545,0.8820505169659657,0.03224036999655444,0.751705960179315
318,0.6554657014764296,0.767740809852709,0.49450245479592214,0.9913792184482956
319,0.04384701871096319,0.23437158640380573,0.3965459869736151,0.44977794156570317
320,0.9213674026995187,0.5600043640772588,0.04511099552039388,0.40786296342566186
321,0.4164904123690699,0.9654909384377848,0.5991970910211082,0.6356510711589388
322,0.7132530312512708,0.7700393156821232,0.6350510702024892,0.2371943511339355
323,0.8740459143411642,0.7321198004106302,0.7418704850969559,0.9965567392347492
324,0.8025265348633159,0.8291514031551532,0.9514055157101584,0.15113399984889386
325,0.49772737647806786,0.5805670235907876,0.3292757292224576,0.8394033438945055
326,0.7624196216457234,0.720883074508124,0.9971494397581668,0.2593813734083905
327,0.7354572516754213,0.5514044749059006,0.3129891824938761,0.16058687072312583
328,0.8958838370675472,0.5954554827078453,0.8249338376407946,0.5453449840015449
329,0.21997708065401955,0.33754881310032525,0.3815388424735465,0.9729348125037023
330,0.0056332783813825005,0.985666023024507,0.9804616351098306,0.9961507905301366
331,0.4765881789196347,0.9638089696209996,0.39559918184982734,0.02629444066838671
332,0.22434718637176454,0.9452962449373846,0.01376469333539998,0.545994135422975
333,0.07560158889467905,0.2863965784275785,0.08809285071188666,0.8595286211130564
334,0.5910707096477058,0.9021064657183129,0.6883531995402283,0.9710291312450997
335,0.5098776547604066,0.6387105817628745,0.5763088198890566,0.48426042944661274
336,0.8459593654230126,0.6445251356703602,0.8013122648554728,0.7863639366024132
337,0.1910451606552953,0.6501635325176437,0.19964801918133412,0.5833204782437709
338,0.6774346844463005,0.9972350715875868,0.030541978149738358,0.09124239411372093
339,0.0770266963712315,0.39836128626674006,0.8215883614858137,0.8440563327871357
340,0.7369795957211517,0.8968782418299477,0.3228599441694525,0.08815464425229913
341,0.058153027989850115,0.8521327196193863,0.7304362943536913,0.6986153060111209
342,0.3396763385456688,0.3799051886182262,0.9581135288993192,0.06380474409793502
343,0.7737317369377926,0.30963332370839314,0.039054618412556086,0.742570110742456
344,0.3309118856783746,0.7221475187427966,0.7076543831181201,0.5347868754331151
345,0.7773731292105488,0.5810383241712435,0.2866368528482607,0.734115301064419
346,0.5891398158777236,0.012727281689920544,0.9016441777703094,0.5456436183243134
347,0.8686272654795317,0.8827368389822446,0.4449666567350885,0.5076599964512309
348,0.4157543876756019,0.4494367753080455,0.8951471589717278,0.788144013967911
349,0.12652567631557798,0.6103077815400959,0.9959066403863422,0.5955507012324858
350,0.7858716255931055,0.7690614733811709,0.35031752587232856,0.3718493027039589
351,0.7240764217904032,0.4999835316048351,0.570570709130388,0.7129057903648376
352,0.7775750270390502,0.27151657773307136,0.14679375943696293,0.29179464672372524
353,0.5075383250920755,0.3421413172970391,0.5683627588475938,0.053465724125628444
354,0.5097504116137672,0.3679849069377079,0.5346667548928824,0.4225333548849768
355,0.28422585063754247,0.9041079054576358,0.1847649884213569,0.6813655755805597
356,0.9246447125824141,0.5386699596854331,0.8764084885794821,0.12485147843328437
357,0.4937887702564081,0.4570252804809394,0.008118807036994857,0.4432573413593345
358,0.36902975638259783,0.6697987277746154,0.9383297785765186,0.08579108826203652
359,0.3274763867146231,0.4440647373942519,0.4551853780343833,0.7748097208422537
360,0.4433956658334408,0.027161301453653364,0.7101040945928313,0.8848296951456717
361,0.5139047125496728,0.5811085216985054,0.16293643896904608,0.22064594467895704
362,0.23517023912461177,0.4307419748812953,0.9281452208956421,0.521784766714886
363,0.19209764520135264,0.2660877358689496,0.38401502972718426,0.6232589756927994
364,0.44003315300400536,0.39244484417692493,0.5647286003989948,0.24183499495446548
365,0.07890327258458218,0.024414314822222116,0.25125916346712707,0.0915920341444687
366,0.3363406385207668,0.7729335403597556,0.7162943304868383,0.6109276227880288
367,0.8525002438794788,0.2820676245442767,0.8850537530299657,0.39923916966917916
368,0.40089331826662655,0.4053516136255215,0.09809436624098145,0.9754904983310557
369,0.1385067778251592,0.3408857244691845,0.31930032032675715,0.07467943281670963
370,0.15226013011187667,0.044858336185385816,0.29240449356051346,0.8666569240289065
371,0.3394422057373845,0.12369183206737921,0.645693868383918,0.9966009120549105
372,0.23232378953192756,0.27957100537056945,0.9718470542807885,0.17877628755048713
373,0.5112140674591639,0.2396521330160949,0.9323518979012438,0.981521014576294
374,0.8146978461200154,0.31478381581281056,0.403487475280505,0.24230568366642136
375,0.8907579670089915,0.9145582776881581,0.4188706622460472,0.6565330699030019
376,0.16555317977469386,0.434935900363409,0.6314991066734976,0.38540311851801956
377,0.3575995256864599,0.0009989922669426665,0.8042934637771141,0.8893376120214482
378,0.9694635295458321,0.7192713850692155,0.5487923123698846,0.2692845198087094
379,0.9992994759634984,0.5897528545321056,0.6811540723304462,0.6824061619553177
380,0.8452517957571815,0.00967253884691921,0.22024694043137183,0.665534000170014
381,0.8951457368245678,0.6853387819213562,0.41349129149368014,0.3615554958702616
382,0.7379480082833204,0.7412376971371935,0.6070579925056904,0.29146702409733705
383,0.9251548183905436,0.5518799421186391,0.7904923562483306,0.21430826216183163
384,0.34404078861472787,0.8745795163873424,0.050107029939968406,0.5123153112566621
385,0.481705479844009,0.7512301889080821,0.2818937705993324,0.21906682185959947
386,0.9261328387732337,0.5717096519584648,0.1046895682836545,0.19303616221432107
387,0.9988260595142483,0.1956089962521924,0.6104755113536787,0.4201280789956181
388,0.8855990948498353,0.7551685922953277,0.5969513962618158,0.010738981797982494
389,0.8797952074934596,0.44466747083871627,0.9315776530185765,0.4955390128542012
390,0.6942244891827255,0.06929264946664215,0.7451516535267858,0.3379960313119229
391,0.35135901433178085,0.11865584470938995,0.14685714864020227,0.18575905620621014
392,0.3282061685714224,0.8919699127756054,0.36826023823008047,0.7243627065632184
393,0.0827475038898714,0.5910987992719926,0.48189123127043954,0.9779579469545046
394,0.846207769878963,0.45482977243864975,0.7751427640453388,0.19303874129377752
395,0.5623363273917781,0.07461905556870818,0.3480890322516831,0.2258621816221703
396,0.7189098153252109,0.49009069121436144,0.7510704788480105,0.5152954376314456
397,0.08648444215163853,0.7353676497325268,0.8332292639878056,0.9035312259127926
398,0.5719919453067082,0.7535853589994951,0.7520443368826271,0.15574975979894434
399,0.16422068745957075,0.07088550580912611,0.31991363514030147,0.4735085877410645
400,0.9978978527542169,0.4309933420681695,0.7262425885073709,0.6933970262725346
401,0.20448195025057958,0.05850715144943641,0.5460067515335875,0.7003055923144761
402,0.998251790186256,0.35861105228117074,0.8963645620810967,0.38193245586918645
403,0.6894117084305128,0.598252930517052,0.052978793302596916,0.0783884269702585
404,0.020764089724460977,0.3708340845939895,0.7458010487660107,0.1727553939907227
405,0.6058529683838958,0.2888277800310779,0.7969926239790721,0.7983961490029909
406,0.7754145149664236,0.5248335138013768,0.2845667100798517,0.8094440438786346
407,0.18610056193924152,0.289759602028656,0.18394770616062162,0.6742101603876477
408,0.6862360281158181,0.652509992786753,0.4156014668646678,0.10017100720143324
409,0.9111695845150212,0.5077309640122382,0.4069721949110915,0.5888248932482932
410,0.19279043581910582,0.1325487791048744,0.40552522145794356,0.22722069409991053
411,0.24429029453716455,0.8925114877785294,0.5307591771858249,0.4834690643233511
412,0.6894795937285974,0.9515481136767396,0.11219856447056409,0.8335345671092572
413,0.5840191798678459,0.14616535381183726,0.29714931868899164,0.4823614164647395
414,0.691177144577423,0.24260701695345221,0.5348788154675899,0.6846716274158617
415,0.4487407508475062,0.8630259611201758,0.8694591028404044,0.47069121764044575
416,0.9729257104088996,0.07558509240544731,0.003362378322936621,0.38066826380391905
417,0.6010970613725093,0.6292001574496608,0.4764457362938286,0.12488331324064617
418,0.17049752178789424,0.8521479838520092,0.8679111317392613,0.6738985378607202
419,0.6642179722788824,0.5976821280278075,0.20292588570198822,0.4282507002599032
420,0.6958946514633787,0.5372522720033387,0.01858033405509918,0.9535568067200983
421,0.8448160525721434,0.26054501410973785,0.6164589351662961,0.9232393837281877
422,0.09601101211365137,0.5030294807967006,0.4562430258462945,0.4102050052835323
423,0.835588608892925,0.38064614669745733,0.06366333324100759,0.06583774216430249
424,0.042744606524608986,0.40914542187403724,0.71840627769836,0.20372246193051546
425,0.6464685204315495,0.6870884721037042,0.25520212401559794,0.6005576560606293
426,0.6848683400268474,0.4666136228021257,0.33671659728009506,0.6191515515743273
427,0.9778470873280569,0.4268414093689781,0.39173509628512104,0.46426690242611335
428,0.07621839344504822,0.55316327967139,0.3286973872172636,0.12142212233126248
429,0.46625674111737336,0.0033839865739774266,0.40178524516275893,0.1057352679264505
430,0.02429270339978029,0.8244750462445021,0.9162488032826348,0.20767464835910665
431,0.5392982638342613,0.27795815713098493,0.4935774386721822,0.43663132089416024
432,0.26905105508048566,0.7003935796352977,0.12649095932025423,0.05307278217136713
433,0.7676754330372791,0.6659300312206798,0.49852612414639796,0.46778977047254156
434,0.4974113794914262,0.4370240760986729,0.39289229583117913,0.4996906028861203
435,0.5285151711597604,0.6919023140836209,0.7112071607340226,0.3776290801401446
436,0.41354052274348874,0.373697169736223,0.5365357736257104,0.4533535379141953
437,0.8895964631361936,0.6963612669164726,0.8986563837544456,0.7091369915594256
438,0.9709921485238141,0.6357367782552691,0.9635501381630547,0.15816989040942608
439,0.05247768082940385,0.5791251852038592,0.9834932057997748,0.4176052473023968
440,0.2120433621929596,0.521541449193514,0.6487986245788886,0.31517869551588895
441,0.7147693584992595,0.9751145070457258,0.8969631217106169,0.29158537351219527
442,0.3267236831445983,0.3715412244495886,0.39455277839364533,0.10031949919327943
443,0.7619628388892893,0.36533926361070046,0.8798199767054522,0.9269406231201087
444,0.02443130930768811,0.9885030699282062,0.7100227315001846,0.5203922259929623
445,0.3895276083725533,0.5185181326097129,0.32462472397844444,0.6226878136965482
446,0.09298027644479123,0.6211226029118102,0.2753448501384441,0.017634829052346368
447,0.5527057661628776,0.5784477558526964,0.426569004711536,0.07228623255031685
448,0.8933429528041915,0.6114308072278889,0.11571329956896959,0.5109305765941476
449,0.49725431594847147,0.06040186879292697,0.6068597036029475,0.8083263989215644
450,0.7490080542484782,0.20296941416418335,0.8622925295542114,0.3425421656593509
451,0.9465083782919413,0.07174796422571372,0.48620868851984267,0.5971243771775492
452,0.24765009847460473,0.7713801887202277,0.626895679810717,0.018109437287955554
453,0.6083685906962358,0.4914782344184464,0.19602920170350768,0.9957482270595296
454,0.897162194827615,0.2925076950290635,0.5410709207986163,0.31650213991029075
455,0.7754957516360781,0.9303314331964551,0.35882860691438356,0.8055842491436275
456,0.49840754271320487,0.3965785613115773,0.9384218520987698,0.5104046887190314
457,0.4674105002574649,0.672434401962343,0.26123420101828443,0.32479287078831576
458,0.9320458362386227,0.6785298454369424,0.8266371477710056,0.27111176193542963
459,0.543790189929872,0.9713962669894982,0.3187038990282176,0.16047647631704187
460,0.510886008224664,0.3878210887248762,0.15957723278671354,0.888551382703368
461,0.9907239105537778,0.5685821806899978,0.774676768373454,0.8590383695462995
462,0.7009820060218269,0.04415604911173121,0.15763423171681779,0.07098919115138647
463,0.00987960664205656,0.30599640875723655,0.39235596048155974,0.24102973233592573
464,0.06460464808632094,0.5298630908366776,0.27331931995714165,0.7960371548635623
465,0.008052621625281198,0.8425270512876103,0.954753678945957,0.7161350631535696
466,0.7336440652625665,0.9335623116027332,0.20907128530034913,0.9945655682085767
467,0.7734812033785419,0.7265707083277937,0.36109057899529273,0.5457774854056106
468,0.653917788273347,0.6203428613172159,0.7049846384775807,0.08238173907841062
469,0.3556484328316968,0.43400001659547716,0.26062929787496647,0.17262727026922375
470,0.1389274799128628,0.3663833922565851,0.49344170056256587,0.0629764401466607
471,0.9464580945905495,0.7652433228607584,0.7308517731854666,0.17286052498872695
472,0.603800768012189,0.5297249468086674,0.9824688457866938,0.747671770080158
473,0.5757618837162312,0.8508126664701222,0.15509427086070948,0.015216529690977199
474,0.6902333334145232,0.09831146023723747,0.1154336399835092,0.7446807264245305
475,0.2705348441339891,0.6286312155688929,0.9174069260927484,0.3164745316378583
476,0.2171441578399188,0.10656288374105172,0.13046236141972611,0.06222269537884273
477,0.08764237882974013,0.43200458880915393,0.32086504502396973,0.706560814322998
478,0.8702416582470018,0.7847732031423843,0.5306372566656522,0.10244211623265342
479,0.7097672839415535,0.36282872472687355,0.08565039391541018,0.8424664072126257
480,0.33821651718250556,0.21824883251157134,0.8714520646188432,0.9021338684470049
481,0.33897083719155985,0.35480141928137343,0.5796285275831441,0.7334414938106582
482,0.06314920190686346,0.5933436571884717,0.9528200617835816,0.2620938971799537
483,0.9088272140969338,0.9501683407630936,0.26915364097108974,0.7542018658853505
484,0.23877500831956,0.7376111617321327,0.7974199712888259,0.24720570371064943
485,0.715869543583235,0.8121045388640898,0.35857887210691175,0.16770277598972694
486,0.09196456731751357,0.5753817036099419,0.9780981193157132,0.8229503200222161
487,0.4358396389345528,0.5366209028549586,0.27952788541181894,0.16306586736006357
488,0.48208115823227327,0.4635015661671852,0.5219299528037602,0.9528045855639408
489,0.6038953001447722,0.6057718366223738,0.12802476286107678,0.9964888661768204
490,0.7728449442346685,0.8772033440940048,0.4143004118309941,0.5021280957856249
491,0.5220838091622765,0.19409453928960518,0.6894891563269572,0.9029767236174566
492,0.163705818138419,0.0863182734861645,0.7382189055403422,0.27320183167298207
493,0.6238625416173293,0.6957583379921807,0.3219107635818218,0.8151445974257844
494,0.5499889821142169,0.8689994079518027,0.7632935525589475,0.8685756320374538
495,0.02016138211789409,0.24350626073859472,0.09000794044593863,0.44208301718934917
496,0.8899601216153182,0.4675402622668692,0.8497130445803941,0.3271782380193179
497,0.3395700728052524,0.8955617303268776,0.42581714651170155,0.7897654877946664
498,0.23664354788190134,0.9488008296776355,0.5745782465305711,0.7593235685784019
499,0.0895156997948855,0.4926642258305287,0.9010384977340232,0.8770386290433045
500,0.04681395723422754,0.3036984691289467,0.4433200064790801,0.17226481435578822
501,0.7299983109899704,0.18451199559871156,0.3466396943698862,0.6632806368578182
502,0.48208934452447993,0.7385710386348938,0.9612079012228597,0.1165466877151975
503,0.7095677163980609,0.23034415563211452,0.41447672740756925,0.032862725795139824
504,0.13590738229269894,0.3197772890488997,0.34198580528798495,0.8995852164620958
505,0.7418129092665151,0.9721829681870411,0.5990715103352405,0.24171373209131797
506,0.32765502992164286,0.3198359232919671,0.3264943276632516,0.6729641731118157
507,0.5308079280904162,0.3854241780866443,0.1490897687287166,0.022139162942145907
508,0.2188346775876926,0.10747140396868127,0.7854450308522394,0.11249795781388539
509,0.7242282373068362,0.38565868977608264,0.07337838974377597,0.8127300494315858
510,0.5796305702366134,0.23576151286357305,0.8946811743326679,0.04525831387055146
511,0.2018196081977629,0.752046927805861,0.7093779303098892,0.28927169372447803
512,0.062024875352783115,0.8580780722249438,0.3136976380699026,0.19571341492826522
513,0.5160618223609771,0.9102271992824473,0.043546577843375345,0.7658040880308877
514,0.5724732279387089,0.42544911655181694,0.74408044410506,0.9658244244416323
515,0.22920621116269102,0.14364736507211961,0.912881745222697,0.6689530774573037
516,0.437986021561966,0.5732595702642831,0.745613905176244,0.7730318987057172
517,0.9198941808189646,0.42684278889562266,0.293410910019395,0.6396642667898419
518,0.41572789927953036,0.5945984539489779,0.4199857984559502,0.15299578667817448
519,0.4694267516589584,0.6909178219410328,0.7992838076676498,0.49332627679654684
520,0.16523789021040092,0.4146877096494316,0.7862939288416982,0.41285927061707284
521,0.6965307936042223,0.5072136816780898,0.2412231251093967,0.7961505080230743
522,0.08421345407068703,0.5248902827551506,0.20889103424340494,0.06706562854137565
523,0.5029339370832488,0.4995621559349236,0.7069009016757208,0.7447506930519049
524,0.7277914886928968,0.40955873291675504,0.6316897872265625,0.5769452426439603
525,0.4215617561169196,0.5972126941859932,0.9472478767062625,0.19289374368137735
526,0.9057720957855263,0.053455513983198366,0.30838921290166066,0.28814524861152824
527,0.6263651078809057,0.13122495177729032,0.8823476118397537,0.8285514084650413
528,0.6520658196852778,0.45841383179219775,0.9329560421420784,0.8307465547205559
529,0.4993151480812449,0.7018733544543112,0.5669299521796846,0.5879422383882645
530,0.33097606943747127,0.46208460462489676,0.0781214307897442,0.3573486916645925
531,0.695828515362152,0.9532160305061863,0.9630641127630203,0.5557228691248917
532,0.6066222518095821,0.1857211855009675,0.6953081080935307,0.07065879267438624
533,0.28468568579944453,0.6683633472854422,0.3103101315434893,0.04984687411445432
534,0.8318704093509638,0.31033000713456305,0.06310522485867842,0.07478816450286518
535,0.2517587987887536,0.17801594722152625,0.7743001177801508,0.32168404666703443
536,0.8046957850398325,0.1738459978231528,0.4928791795440838,0.6880371335531288
537,0.6519908538658549,0.6011294099302688,0.9248216019311698,0.22852514770674437
538,0.4937192044621054,0.8839925500724087,0.07789376559515704,0.055888268253075246
539,0.2333022875582914,0.6330212195380185,0.2598796264498069,0.19023988380879897
540,0.4588023153582921,0.6135980687694115,0.2485577070167404,0.30069118672374207
541,0.6135593048115139,0.9457384219894527,0.6747417274380882,0.78290414358456
542,0.3668100947554688,0.27225435938446607,0.45426774320262253,0.8071328287116737
543,0.4562996417905558,0.846725408789861,0.9887719806951271,0.07202666573033634
544,0.04541015608370369,0.14958970291336182,0.3843696757343462,0.1310422091454324
545,0.870664477618756,0.023146251027063802,0.3157927163358225,0.18469462949420534
546,0.9315393301575323,0.6694810048900279,0.9120302564513745,0.9723287103103934
547,0.4970982436773692,0.23431910804802625,0.1937287861965893,0.22291886168584052
548,0.7085933076220029,0.040445728123000735,0.051361073032714866,0.60814294238315
549,0.6420571467374065,0.66526292432246,0.37188050458859123,0.8059448887141532
550,0.5336245877266176,0.10546563000941944,0.7970993070673452,0.9530677862704583
551,0.06003631300235868,0.3913513387005799,0.48751604483474764,0.14647076007831694
552,0.8677089477828771,0.284149644890044,0.7830085399381601,0.670994482028316
553,0.5980458224670234,0.1921428486965544,0.2207035205509057,0.04734840474656932
554,0.24071242978226637,0.3454436094605141,0.8331453038624254,0.3663926667148053
555,0.7546217827656064,0.43944228129548757,0.7848683119938884,0.9762716004370399
556,0.23984155805758012,0.8623416119638762,0.6218240863057747,0.8172942615886548
557,0.6515859022678052,0.42394950727415015,0.22807493944179036,0.07003522533116502
558,0.535518364460717,0.9903260945268656,0.7380418050142062,0.3273455413990166
559,0.8272048000867352,0.7689840001764066,0.2816357933534568,0.014307489794234685
560,0.1181626385339496,0.8773061903120576,0.8365630353048717,0.29520900087836244
561,0.2851954262844204,0.7928649871024711,0.9377374698954221,0.7791372567975999
562,0.6055786770307615,0.24267135033180454,0.5257479140952607,0.23351185859326462
563,0.8080114200967736,0.3869610795177373,0.8336972169940262,0.3816092179827253
564,0.8241494051998913,0.33331781516524195,0.44013270461766985,0.6154884193426575
565,0.07028761402991868,0.9482070618154644,0.5736057861238032,0.5078200146908023
566,0.8393939711199121,0.8657627298968276,0.522260404529016,0.9272623257936373
567,0.06473776607648063,0.11322579225121754,0.5967882300144401,0.3540658617935837
568,0.46422516618919885,0.32807921789716654,0.4047253114449356,0.8226463471462995
569,0.5934761998543047,0.9973445492834982,0.7868791978209629,0.27366625410182666
570,0.2643451177266962,0.3358982701170071,0.8432594806477427,0.027287650650565598
571,0.23018127887125772,0.904918420344267,0.639896436083252,0.22684709550105642
572,0.21914496823258034,0.8626181017594305,0.8937575082770465,0.2561310909621153
573,0.42051035807653225,0.8345957386283172,0.7710074386098854,0.8139161065660845
574,0.5183981907879688,0.9115490483051731,0.32595154395443526,0.15667213434751803
575,0.7087323325648648,0.5393544160068964,0.854585768809481,0.08115924912471495
576,0.8436924034380668,0.2932946532088222,0.654855667168183,0.04012878907825579
577,0.6095812963036007,0.717271689187336,0.3687502145056203,0.21541070526214023
578,0.537630676603545,0.8331908044356465,0.3235473582966508,0.25246929752127956
579,0.2789353086376877,0.9491321529166644,0.35927691576455967,0.003604239888287175
580,0.7816812079596197,0.6992747953353902,0.12856826460296888,0.9849042491349125
581,0.6080622853051112,0.5007794909406015,0.38221926762289105,0.8986727555636379
582,0.24396348141856328,0.28576890021990187,0.1224108066865669,0.75911909558426
583,0.5955492804058533,0.6090661692544983,0.21847043101946362,0.6511683891270839
584,0.765458447246864,0.35788853072568927,0.8013471439617122,0.34879058853202094
585,0.7581384615092877,0.03373010745771898,0.5511646014736526,0.9695265606398866
586,0.9812446006823907,0.2817525783417406,0.44139909108035547,0.06297790798663305
587,0.8733413076045997,0.5685721531402141,0.385100678940517,0.11277055848915307
588,0.9467672854968892,0.5302190478209937,0.2829279290829039,0.3502151301315095
589,0.2706971809221477,0.6018098088569807,0.9299635757805099,0.8566938033265644
590,0.4603808754259775,0.8264993623010078,0.42310548127632985,0.252307140758638
591,0.9834151152664279,0.30388756797082184,0.3237242309869084,0.9896928677865222
592,0.1339274931656549,0.7605339880096951,0.9358127584827265,0.5117949942754186
593,0.0025217617028200356,0.37505894411310625,0.11156899238482709,0.41618766093369575
594,0.7900267616422847,0.4387115488838005,0.43192512134592254,0.5567894769188466
595,0.5816905847476802,0.8562963087989713,0.3083554392289515,0.821671264368016
596,0.5659337486920473,0.30052954971714696,0.2951260440060771,0.3611375171057245
597,0.6226932426199755,0.23081173135994915,0.9203335616722674,0.5749125841779004
598,0.9200157769960068,0.0464043585791547,0.3426113704614734,0.022807660687623077
599,0.2722518150979698,0.8620064722685882,0.03660971584220085,0.43614709991574485
600,0.11756707047322779,0.41684065926036773,0.8388515842643773,0.6230710334025191
601,0.7367563453314232,0.349104115449581,0.9443976950101415,0.7092620937795001
602,0.4217988192845309,0.4264648002270549,0.9186841779432976,0.5764046934353918
603,0.7063792099030417,0.41703522451317077,0.2236927647647141,0.7235592919944186
604,0.6078237721413878,0.5013428804247794,0.6240209399944638,0.20828558606423364
605,0.7939387065319563,0.9481628050203058,0.8911031441677028,0.32143574530701713
606,0.4060057732820759,0.8084022997975612,0.5951171308246038,0.5479144436766492
607,0.9266419675334452,0.5360249609770508,0.5149386795873099,0.04201859126635965
608,0.06941695859013763,0.007420307880650179,0.9132442257836336,0.40838666001770063
609,0.46856137613341253,0.845386947592462,0.6092463103757779,0.6095015963905811
610,0.29653442935481245,0.8339083739245192,0.1658299760394938,0.0531495921729479
611,0.1916033575185323,0.2677372187745647,0.28231105785420674,0.6705135986187676
612,0.21782458732864352,0.6766583044949845,0.09113217323379974,0.14720246109790902
613,0.508821448490995,0.9218958025766426,0.859567588811114,0.9687534424428031
614,0.6504790652781709,0.675814866416092,0.625022998931492,0.6228189228581973
615,0.14712034506758465,0.5437389561639286,0.38606793345172574,0.44253721577729344
616,0.5236005730592374,0.1283961718022516,0.35948773385211985,0.06344956087660358
617,0.9796681304223991,0.11852802882012614,0.2585247385449545,0.8912929267033972
618,0.4827100462391418,0.1356372015206303,0.3842305380393489,0.11586799419138583
619,0.20021599708450177,0.05202984694984503,0.4382274945490999,0.8066361217252598
620,0.5859691786998955,0.6063453054846117,0.20058403008324033,0.3438938432523665
621,0.845242103840832,0.08785618432651454,0.8579306536685337,0.48369002626478563
622,0.8371474313251173,0.31800641939440033,0.3388429515830208,0.7516048683231428
623,0.7849961733922202,0.22964467799014676,0.9728713248219055,0.08449010424482895
624,0.06850296310213089,0.5955042152861028,0.7227407677716214,0.9608861292249739
625,0.40494578079886157,0.025291408989633113,0.602896339446407,0.28969602059877186
626,0.43294712119540224,0.48846948224993525,0.06451261073803383,0.4859817845641028
627,0.42631966680431477,0.7125442652865932,0.6456659112123446,0.18521571815056104
628,0.20613891821039698,0.25100617877437326,0.17895044029717733,0.6572131996684671
629,0.9944301792002705,0.6521083405159366,0.6066815461912912,0.40992793335107247
630,0.3125802588597607,0.9110737569064792,0.969001874142153,0.4967761755877278
631,0.29020049550655747,0.7701222076697677,0.13245679086687845,0.7655882376436816
632,0.8189483743113387,0.12490394462716736,0.9768614687965638,0.9855122903884784
633,0.9367194793273512,0.4960348094062643,0.24607414227682844,0.582009280881913
634,0.4199338384714357,0.2059486447171971,0.4236764096178476,0.6638898356775905
635,0.07091331078599106,0.3334180014460165,0.017794890012825193,0.7494955054616756
636,0.6406912676167008,0.06267213470196586,0.9647375596019678,0.022621557127100678
637,0.5899606464760886,0.7763674617990558,0.787896313044723,0.034285135593203786
638,0.9064151326404393,0.9184516719271222,0.5613903731543727,0.4820831988871461
639,0.04486746306259981,0.5619541425098686,0.40937908177023075,0.7728064074086561
640,0.40388356688608784,0.6835808333247098,0.1014081462375308,0.13295227076596694
641,0.13971019064915835,0.04552549979974352,0.5413288592698038,0.793967726043636
642,0.6104112036936661,0.5749548855528562,0.6806239284027364,0.3396453230720148
643,0.3619540716482289,0.31427009822092256,0.7121089328535756,0.1616403356707743
644,0.013025280312924381,0.5961964467224924,0.9423813647342054,0.6094079169963047
645,0.7829216529408951,0.6727907094660301,0.49743665352301625,0.718392401783846
646,0.8241041238552218,0.224731644171698,0.33613048048314553,0.22372573250328387
647,0.452172955590441,0.8850645509166676,0.34520710083533235,0.37446688913055337
648,0.8603672346719318,0.5153743307446752,0.5354489996474344,0.8608012033322129
649,0.4905267370254732,0.6815575346293953,0.08564466587406072,0.1786317131268853
650,0.4043762007162456,0.49483906781987486,0.9657337012362295,0.97065163304779
651,0.8511970874787617,0.31559883528557453,0.9640282908324397,0.6893408646762126
652,0.3929401278174004,0.7016749169847664,0.01652272978652658,0.14615468227421358
653,0.8296857115563677,0.6455736368731712,0.364194701291884,0.5006666402227188
654,0.905142149645767,0.6315781094790865,0.39814928393433024,0.12032665739753501
655,0.293746801625561,0.9783402327965833,0.4373630628517775,0.47183946384486086
656,0.4985980323970154,0.8841040229482111,0.6039282843853099,0.6936770364519221
657,0.389413542549104,0.02908761858897435,0.9309729142428443,0.9491276809164064
658,0.9491530533480511,0.9436870866467165,0.815241941069561,0.6845960501163268
659,0.8445099182672856,0.6005462390010362,0.13436961389202362,0.39121816504142104
660,0.9712949119729375,0.3511378135956563,0.8678279137313695,0.09321147077486958
661,0.3341838423754696,0.3509533247273796,0.05160254310898016,0.11909433018675497
662,0.19316521112177099,0.8378155908101129,0.06340198993980639,0.2987009013443872
663,0.010175002589267512,0.6956277454030247,0.6203030900433798,0.6449822620531418
664,0.3743827847146187,0.20826782126756904,0.7203202132860334,0.8111178727406951
665,0.13860149809820177,0.48682942793742134,0.2487156819788625,0.16810686120613372
666,0.7343253134949991,0.538096935472837,0.21618533237866777,0.3100000112115451
667,0.9666536713277424,0.8486795647085567,0.8799467428731284,0.460012097080708
668,0.623807263920875,0.3767677402044116,0.07771197568889054,0.40106931065678253
669,0.5939807532071447,0.2871442707681314,0.8479505747274158,0.15110015917459863
670,0.3671290894369199,0.12490390532420292,0.40483213398522533,0.03966130497427045
671,0.27254939506164544,0.4007352551136837,0.47816536327669157,0.5436963584751419
672,0.2749911297899189,0.5230413346148723,0.5090046215620598,0.3161780508762084
673,0.8302003306564782,0.5456411265935651,0.332269718746545,0.9473385120807765
674,0.845112413071161,0.9825878115518009,0.6922338746454207,0.37822290550604687
675,0.2808606666790123,0.663317843674481,0.9808165824953037,0.6267150801038488
676,0.8816149409898382,0.3291034310477686,0.4069537824742556,0.9062752395893533
677,0.7568667019578188,0.9814103203679058,0.7747642097322419,0.44851570721823175
678,0.5310680198223631,0.9005154924631367,0.5516467360980479,0.2553973741644452
679,0.43561981276994943,0.5163159888491179,0.09671983355112956,0.7437626742528902
680,0.10935393335497301,0.40491771336880567,0.8046224415404045,0.4675703616132969
681,0.842015519718508,0.341881322056115,0.9576362939984354,0.20946843180523556
682,0.03826414498930131,0.8724265429904186,0.7522027159504082,0.2319838370673728
683,0.9847416071366739,0.5022801292685278,0.9510654401441635,0.5050287713869993
684,0.471874586771291,0.44913853714446506,0.3348752761329502,0.5337014971765517
685,0.45255466194856786,0.03674687662355414,0.2604352334235025,0.2131228001055584
686,0.8674356023210665,0.5988699772268414,0.7636831004497274,0.9568260377492805
687,0.64403927252641,0.9826099914047444,0.3117640516521296,0.18626718231289385
688,0.40330988799291145,0.470799414935808,0.8953615428525851,0.5599404390366763
689,0.292180999418017,0.7426342828675209,0.5058319371390709,0.16213194527517016
690,0.5768197875912522,0.9113945368072839,0.8426226174758201,0.5868099726353311
691,0.37708317388498813,0.08697875106421116,0.4696489233316238,0.7520794375295792
692,0.3602737197330106,0.2354468255516644,0.9313797192709534,0.8215557004579924
693,0.6382756194201447,0.13678334392051938,0.14490884040617302,0.10321959145577897
694,0.6162966668927432,0.115562796473336,0.842627198862633,0.9929650018193221
695,0.36634818470866526,0.45366984696709745,0.7116671769856787,0.9371530063257658
696,0.8940937735563851,0.057591828749848584,0.16907180255676502,0.7545971985577923
697,0.6888931080324473,0.13321859404012326,0.5020645820015677,0.7808146310852956
698,0.21878068226269365,0.8712876357346663,0.05297177482036797,0.7821950850680739
699,0.6158188997898703,0.3151993466543491,0.7209325483419113,0.7823657951511597
700,0.9338989713039693,0.3677746721542636,0.6860167359799549,0.6026162769346909
701,0.5252060694570885,0.8904164741550379,0.0031673141384003234,0.28211160610359765
702,0.5382772395448301,0.17829326163655235,0.9078665337327583,0.6475951176130154
703,0.4778829946319899,0.8147017590666545,0.4508861914651038,0.5586530119300095
704,0.0027509955539209985,0.36570053019507354,0.13879047235096975,0.689688680662291
705,0.4790269589757338,0.3017575572502308,0.4678323393717424,0.20962988795134618
706,0.9250866324861405,0.053972632550913,0.8654170352961204,0.5113587887333509
707,0.6189464961388172,0.3026056209087038,0.9666976167943213,0.2818509585194898
708,0.5888779971403043,0.9934167051071289,0.8810943963834458,0.5363298252861061
709,0.9903745229672121,0.7013698617326146,0.20870041614180934,0.4055962104358064
710,0.334493334011551,0.34401370827118916,0.7604564393598663,0.5842629272727936
711,0.03809271158952854,0.877448483650976,0.29679614048016456,0.9970748769131437
712,0.9541907303347857,0.9405307166819652,0.8111276040639737,0.22061333168354258
713,0.532632744028782,0.2243026268249746,0.2596754555889492,0.6109517694362774
714,0.04083354535306338,0.9694585668207076,0.9186731725779644,0.38076757215771984
715,0.5154224480069131,0.466119419267759,0.8821997786174698,0.688601876316111
716,0.27811124742435644,0.4468412544652969,0.42896597568676376,0.9593351682839186
717,0.17531091051463965,0.08957633729442904,0.8806188321616902,0.8966859895058709
718,0.8717390879121647,0.5109769156255564,0.6597444282694604,0.5633630475609839
719,0.06944782605440092,0.5958348969007224,0.013614147256100884,0.32498740955708616
720,0.932292575873167,0.3040452696358076,0.9398266426442479,0.25013395714924425
721,0.31456224046153247,0.6284074964385535,0.7616269727892948,0.501387768004884
722,0.8821156871941555,0.04024042161061925,0.9221948386343706,0.19630779989540803
723,0.8842387450846559,0.4008631794863805,0.8327570558710377,0.6716655498036951
724,0.1759416324782621,0.9180475698814484,0.24551739048845966,0.24414011869499908
725,0.8141788966373805,0.10587325557252103,0.22203590637046033,0.5036775734210623
726,0.8304770286866243,0.1474839747372675,0.5476682345123464,0.7112405918029395
727,0.8605952247159513,0.9355655602022196,0.7846399144689324,0.6528283982220019
728,0.43362008531276586,0.11211015418841963,0.7097371925255213,0.9927373044754869
729,0.7367605947320999,0.01671109373772628,0.49625997804183875,0.6146466324829039
730,0.689674201102843,0.7197258356007086,0.558108441216524,0.22336033273424027
731,0.9422006614765467,0.6966664676636619,0.23684003686940946,0.3223218322702729
732,0.9219276706303697,0.8874851867073358,0.4051464383580896,0.03830722199145098
733,0.048497368893938186,0.28391829091838905,0.6291222193389995,0.5841946353345618
734,0.6338277869439427,0.7172829719321067,0.019032253592738413,0.10508559517244287
735,0.35948345182721264,0.15485999752158175,0.07532004254455416,0.6409643959973319
736,0.815336477491099,0.7526266574342825,0.8170397786091792,0.6658565440578772
737,0.7353453218142022,0.2717787742083013,0.9930080362841643,0.1831656544938871
738,0.2144938743893825,0.28892183181584685,0.9753324301065789,0.9882885893539061
739,0.7948937497064975,0.6290575985596337,0.5200625751846134,0.9706208456868457
740,0.6956228028582475,0.9447301283260302,0.3165507994776239,0.33377479226956563
741,0.8547245941184356,0.14985492058529437,0.9459278612960758,0.5074743546634075
742,0.9264138785836977,0.3367927887258131,0.715958904139397,0.48287512197268967
743,0.626803630245473,0.5043724931391522,0.9671156173713614,0.6921053978139172
744,0.2513189686263154,0.9096769219050845,0.29402973815510436,0.3716050993008563
745,0.10212369802021337,0.8999665197961908,0.286112023227863,0.25891761793138235
746,0.9202625979949539,0.8055268624050334,0.1410789215193744,0.7693245039036807
747,0.9130330980537907,0.07851121821074392,0.8252149949045731,0.547420051873056
748,0.6691974493788007,0.4928543389049369,0.6978030849052786,0.034097861666753215
749,0.7627067232232837,0.03334369785895841,0.45529984774734344,0.15096499313029488
750,0.8235742773513072,0.3136609091756686,0.4540935446043325,0.4287507412983116
751,0.7725019656847065,0.4811443597959755,0.7889583350103461,0.07350827680267524
752,0.1915939679029951,0.5515342496463607,0.947088324752695,0.07475784672178032
753,0.04308421615686431,0.15655067492785568,0.6411531288601565,0.39899291667024717
754,0.8255523794176862,0.07193315148136581,0.19641408681470107,0.3000264054648957
755,0.6267300866887853,0.6851726903015473,0.12420329396377383,0.9438047089917395
756,0.34104413519020915,0.7131687630002831,0.5242077189476988,0.22275811354710662
757,0.8462283231154111,0.8182380281919299,0.3960718539166901,0.5886075856938554
758,0.25782569593593974,0.6898516287463015,0.3090268126204314,0.8440787343822349
759,0.2173851042772743,0.01480342281846414,0.26850804196791844,0.1910524864594867
760,0.5082864397249243,0.2037032916565763,0.7631898707194947,0.24137063800400393
761,0.7069681799126557,0.578470923013724,0.9862498564718843,0.9999009770092316
762,0.86952608331733,0.7599833692987511,0.38645641400057373,0.7532767271313036
763,0.9566755370794907,0.02337757539544416,0.5379147001977388,0.2179983043884346
764,0.5578763158688504,0.46644708975889115,0.5757685815522844,0.5509622214187242
765,0.960107039168562,0.5521861089347361,0.8462320881248673,0.3198202868008465
766,0.4381006887910489,0.4704134760448099,0.2787280433353797,0.37979026147795525
767,0.5985130794667752,0.5801877633045324,0.6364353445734805,0.35181791542014107
768,0.3158314951530571,0.6116178827541631,0.13286174842752496,0.25303154353213997
769,0.04212773695299521,0.07261085259608013,0.24338327926060888,0.019529280296919027
770,0.24541059208746152,0.654976323062026,0.06110707846893304,0.436736677794641
771,0.9131087869195494,0.791284828925401,0.3054375022948572,0.924805479191647
772,0.32964649674772484,0.07251549633756249,0.9940559567681135,0.8700225271891717
773,0.46593278330109233,0.6663765241924039,0.6712280778566702,0.19448223073046034
774,0.2000486331536323,0.4695807033518258,0.911573140137698,0.00999377485857078
775,0.7825056359493593,0.05752678371465414,0.47822211488311783,0.6378728330734764
776,0.6867592670824648,0.05847926361591138,0.41860361738396823,0.5838372605023247
777,0.06604553730600693,0.13509455659530978,0.6636489895040385,0.5216381965906517
778,0.16182866126829054,0.5352393369147335,0.9126923734444158,0.015587584775363927
779,0.6426337734858546,0.07365043460534193,0.006449442964700847,0.1506544886606338
780,0.4229066318539193,0.802343998981953,0.28178549660455865,0.6256732123887586
781,0.41115663795530666,0.23433179196600795,0.5142471142828586,0.7974644903726232
782,0.8324923700561442,0.8465195318772367,0.3385578125549794,0.793456064715753
783,0.21217845510890787,0.7384251012428833,0.9483844262726167,0.01374383469095719
784,0.440363931178798,0.6477709884140046,0.701775770487553,0.1760877582692022
785,0.9721832752385928,0.615265367970973,0.16434060122826777,0.02052251171251529
786,0.7832641987897759,0.07970473944545908,0.14105092107023653,0.5748300268556906
787,0.6035055034496197,0.6868871185923985,0.39351401266362074,0.7738986689668229
788,0.9743585996158887,0.271094943079883,0.7030286165379459,0.9284686523951569
789,0.6862867626170427,0.6811094986442595,0.2237725690852066,0.5351302003196929
790,0.5625228436045802,0.7001295624559528,0.9968214498961826,0.03364382254376208
791,0.06523266126748684,0.07795006943091876,0.7429791344889568,0.13635379511075751
792,0.6224518744903452,0.32466887789345844,0.457319956210711,0.2156631598174139
793,0.8661065613045421,0.5861503241630264,0.9445632635822526,0.5745962497043295
794,0.12390803059694666,0.17087043383847544,0.9890739763678472,0.7255651973308678
795,0.04927875002908966,0.7037810050346648,0.41217304680961164,0.3072083868231905
796,0.15406079373053427,0.8399039545565656,0.0638413789891007,0.2898354623796403
797,0.3063828938257044,0.16090528396350035,0.5081848832868703,0.011702626810892625
798,0.3009755154104091,0.933629444033064,0.3105295693420057,0.3604593871067516
799,0.4731650482340716,0.5616933748514747,0.808708644820744,0.19032122315601763
800,0.8717463771925572,0.7575493571438894,0.7226503346615553,0.08680457371463524
801,0.02164068997458468,0.594012700908084,0.8631339625231612,0.5844414641406359
802,0.21323486544553083,0.09051989794921322,0.699596452817735,0.7217702773178095
803,0.17253170068710866,0.028190315496536278,0.408283513223197,0.5827187021330221
804,0.7060024095671912,0.8099450091529028,0.6105374273067323,0.11088060859848503
805,0.6825816721424148,0.984176642894882,0.9055845845974039,0.8716689092695127
806,0.30217015335834085,0.7507881764540006,0.8511034459651455,0.6783262046312631
807,0.2505617565679805,0.9538339718749583,0.4508194114586759,0.1298055586658794
808,0.109777895057392,0.6475189872990458,0.43770964641673915,0.09448387517896362
809,0.7403645721560946,0.7993251672586197,0.7254156307864513,0.2022608776840129
810,0.6897754559960694,0.010722802894385097,0.3051121396784092,0.39882153140754373
811,0.8352469488855016,0.3903943730694043,0.011269446189398291,0.3523464118280094
812,0.4989240983592872,0.9490047866727734,0.9410343037895448,0.18087403822141157
813,0.18514654173945155,0.1633814564645505,0.7889219324141032,0.006022040368406367
814,0.12717719819187734,0.537959631644099,0.24756206688676552,0.09235645823926208
815,0.3598780123338343,0.2742076050602448,0.5111043065142845,0.9792335938301958
816,0.12430463681491843,0.3727267048340943,0.9319850178724747,0.8768730434938226
817,0.3942710347842806,0.6989532645197365,0.08785701358134557,0.7125410555436151
818,0.9728577294847415,0.5374881528341916,0.49849022703441426,0.18731861970191033
819,0.6337881989072919,0.5904372807789149,0.6519330594757505,0.026083286684721818
820,0.5487234883490736,0.594934843497373,0.20753013541280219,0.20833285748853603
821,0.2762181685109498,0.7117215917272376,0.6062660635323717,0.8457626461178046
822,0.2956585718430982,0.9120680598883183,0.7437061619833584,0.39501167001369697
823,0.09526206562545592,0.2569836624874825,0.9567682172148503,0.31036337588407936
824,0.32990096014906445,0.18958893109771702,0.8068506011387654,0.27564423024227735
825,0.33025824836885564,0.4143481084316266,0.4337282797746097,0.4113407904150217
826,0.5037436953747286,0.8145128796164033,0.819285040742022,0.7983131337633469
827,0.10112483911648751,0.7996788032748141,0.12025177348657679,0.12472377005225799
828,0.9478627716349608,0.8193978447055413,0.5524104668680087,0.8749702044778621
829,0.9893646425518628,0.6106420666317776,0.612898436981518,0.754427029159928
830,0.23213895236533277,0.16712486151879935,0.7595807500150725,0.3449047949941023
831,0.135070356305934,0.31487772591774976,0.3586368678745754,0.9652276595056907
832,0.6979597110879232,0.5308563173997339,0.9688731386826049,0.9031397404741807
833,0.5120008566141597,0.9056796353769807,0.4043046580626566,0.23042066535662464
834,0.23267817682208514,0.6623155244421267,0.5010703207072771,0.6589508470054467
835,0.6860759642621699,0.022322872897717616,0.05403959234790234,0.5326777265912499
836,0.1910354777600769,0.6325337688044397,0.5521857391706481,0.5857603583708912
837,0.3024553798310107,0.6398435062778967,0.829492636485023,0.9980712535922371
838,0.8384443861722143,0.5574987596799474,0.19342959167995655,0.6814458761198209
839,0.9376537855579782,0.2118665397323024,0.2559956205265771,0.14900854341165115
840,0.7367216436264017,0.40656150342365927,0.06269563888638408,0.8749499914902802
841,0.5576719047025667,0.3310942920003558,0.34398297606109696,0.29025122019090677
842,0.4554801723926418,0.337041688488145,0.5479463040706094,0.7735172522712942
843,0.6744612834443735,0.2944568927541171,0.5287410115397793,0.8401261599122508
844,0.06820623474272547,0.07829726698690476,0.5561700680497534,0.6391151283898032
845,0.2114130157759041,0.745220126691518,0.6462633770407274,0.9232892682362864
846,0.1689542018585367,0.7513742653580107,0.08364309058326702,0.5652924095178975
847,0.5518951394991458,0.3883850446467406,0.8445711476685672,0.004370644786012234
848,0.5201794018985207,0.21715354983518742,0.7434986191164329,0.04306742630609717
849,0.8315546881815776,0.8380922267069515,0.8328660124035029,0.15256852673266985
850,0.6304065185610449,0.014367359183389605,0.8479625912891998,0.7229751935086205
851,0.5311537308992527,0.7305914330966171,0.09432409665177222,0.5286558321768563
852,0.29127649181644544,0.972619463222973,0.8571179506239017,0.7332756958339769
853,0.9337476352497319,0.34684330456547374,0.9008798989881812,0.3252382321067103
854,0.732796719691153,0.7364169117764491,0.018349876454093472,0.3610596982781952
855,0.019432672408497886,0.9970920176102486,0.122196761829238,0.5428108956481094
856,0.7905562387626373,0.20126360226089246,0.48505266809547265,0.6074287609211508
857,0.16020475439554538,0.7785554599115385,0.2993364571893653,0.21102307633884032
858,0.5582887464374169,0.4103136276429379,0.9202859446364178,0.880062698198154
859,0.4833506633888832,0.35926377472559756,0.3255179816312652,0.2675636230815074
860,0.5445478537124773,0.8049786047345435,0.31075660820355777,0.1900940896880815
861,0.4754838061832868,0.06903441679766653,0.7012790061297068,0.5183582663019336
862,0.49637480797285416,0.3004453795500225,0.9046734375317367,0.0904862918495527
863,0.8698240088870314,0.37670520241592265,0.8806235159750223,0.7287614583323836
864,0.1041707266620383,0.8315362865093536,0.6821768336995051,0.03230191291534845
865,0.13370268210966996,0.6356280558356951,0.6626005028802849,0.746651432837595
866,0.7202454007749819,0.6595199546699549,0.7662389017464225,0.5750857058923728
867,0.2607913855244549,0.9123766137307182,0.01821403093197793,0.3665617198714902
868,0.7288702930971633,0.4271560411496743,0.02483440748001431,0.06598090311621319
869,0.6486373691382886,0.9648645994052997,0.5518636358344989,0.5067578180237691
870,0.31832521305626726,0.25669067386606315,0.020984981756284715,0.27295486764047117
871,0.4491104408652524,0.19794978304895017,0.08734798848142922,0.7177278672546026
872,0.8946202690680671,0.9367720696870856,0.6179987284969893,0.052774582599281805
873,0.7408626299617734,0.11009530526188638,0.6697481176878239,0.7793658357478758
874,0.7258647108264727,0.9518838057611306,0.7381462844673897,0.6932097779818085
875,0.2617431721831024,0.9247686864359017,0.1795438707941669,0.9048966114731264
876,0.31266254334591037,0.13016359387766874,0.8266830272711707,0.002495453600829145
877,0.8320883176808307,0.2623118420459759,0.8847212727556213,0.6914791822415791
878,0.6661833328505901,0.3653195631648434,0.05940297389077098,0.8300730982055773
879,0.17090379517652798,0.3722586418947522,0.6003546855090818,0.4822537385606217
880,0.19866063517131805,0.1406163568822839,0.12324627225029061,0.8630078814992009
881,0.031559549061333625,0.9770142595998943,0.1985286903854141,0.11032229687907813
882,0.5769716547767951,0.07998595794069663,0.6024532631635949,0.8506266448136132
883,0.047898021467424834,0.7998686045285441,0.3944774409821187,0.15949063383120998
884,0.17609648026745905,0.9187645436942262,0.11060575194066447,0.866782787115657
885,0.5442446209836146,0.03905617881643908,0.4644761457173383,0.8174495144763007
886,0.7262027876391004,0.48878241768471786,0.860049879696217,0.1203647617802297
887,0.9099410533923689,0.8464412084833488,0.708276825657236,0.8178877421287493
888,0.543815506842666,0.6751624290976669,0.5605980707077789,0.3554285305079493
889,0.5688607973611776,0.2574653325319257,0.44027917084078527,0.2807754072602432
890,0.12288778946138901,0.32186185638990616,0.8519872181847706,0.3810807706423057
891,0.7480036489688691,0.17519785423816125,0.4244191591676416,0.11485606933517656
892,0.1386210633674897,0.6174363798900692,0.6074818174490111,0.21337190735486222
893,0.47442319428879864,0.8633061669779479,0.17420150867648287,0.019210533073514835
894,0.6519951406635723,0.053498208088684995,0.9799402385724459,0.609620283798881
895,0.4703963528439723,0.42999254002430676,0.5730706585169314,0.09062443672021492
896,0.9300190588194958,0.6256420685518778,0.1839784976109088,0.5625810537646628
897,0.13325650583301163,0.017552717558312114,0.630516985213998,0.6484833418701278
898,0.5836965828034155,0.18348320436002308,0.603429858494767,0.056510940924519804
899,0.6092383555719223,0.5540170191076188,0.6552548308390995,0.8954756057523938
900,0.8503581052395366,0.9806541915625387,0.976241032936575,0.7723196933737526
901,0.956419622177728,0.867283885889112,0.7275824498949729,0.0753842546437552
902,0.049049888269887765,0.8375995675057702,0.4896558578716983,0.8146066843749209
903,0.3129182706552194,0.3976498583230128,0.7001867210119319,0.9153267369320932
904,0.08776147447888594,0.8614781446346063,0.7930127248793652,0.31553927072985466
905,0.3552166141315596,0.04646147722190963,0.015740611116717984,0.4770061263577291
906,0.09553964549731053,0.19400181441521303,0.8467671995266636,0.5710283912504525
907,0.6336324372661134,0.18747933083192003,0.8286618044544195,0.8679797724397476
908,0.5233275937130434,0.9125577718786598,0.8448286249545817,0.731324176674438
909,0.7340759156936286,0.10539347395086329,0.2708360376956658,0.06684721981767605
910,0.008681209226308662,0.15830953138391013,0.88048718264694,0.23987405903605152
911,0.9701539625917217,0.5972909995612061,0.23725848763469037,0.4971308034842128
912,0.21909482270011538,0.9839735581823739,0.8472649839049639,0.026238788782329103
913,0.9477760314674711,0.7210651073028873,0.08238125202127833,0.6706377463264456
914,0.6469266979656855,0.21878874580758345,0.7584467000075756,0.08706470331296712
915,0.4894451812312478,0.009923207163087922,0.9687374888947464,0.7515636317769093
916,0.15885207615965602,0.341674039951283,0.16056237780817628,0.7666174641293146
917,0.05889632542771517,0.8404066555637142,0.9421963388357298,0.6766279428062999
918,0.2129654500014342,0.3600900958135508,0.47723987480893126,0.6046247722022537
919,0.6686630898116874,0.5542147153188828,0.35131392082185575,0.890917280564903
920,0.08139205801795824,0.46625605424349503,0.7755648384674807,0.060872665291400896
921,0.7053352168113012,0.819711622753325,0.6608312985270522,0.012936892275355993
922,0.18013702713220625,0.34211307889195075,0.2336900356380459,0.9626521402274274
923,0.6515939141137936,0.2969709573515703,0.9296974986654456,0.7405941994761869
924,0.28460721182704196,0.3788815694019554,0.19942885830395674,0.9710739982658219
925,0.5172964958900732,0.8960566874979846,0.3464997710168477,0.8608416030974757
926,0.05388684842716396,0.982090317524288,0.9120343670333027,0.36320294477665493
927,0.7747221653145774,0.752257926473826,0.9012547971029317,0.3072549811288111
928,0.4655200053141495,0.8649996126060531,0.778579454135216,0.39346671874027916
929,0.8457252329121221,0.04695403923240149,0.7820463029629902,0.20676585943370063
930,0.2861209078237872,0.49321484359559364,0.4497345010699739,0.5205701068698809
931,0.5447755956720238,0.33152769103149693,0.17522751301703,0.768481229287306
932,0.3999761490871421,0.505840862459059,0.6446967183511181,0.909637922306656
933,0.7075528311402199,0.04545922559038451,0.8385603633980176,0.9893550151275191
934,0.47248502537138215,0.9695903364546007,0.5473287423431494,0.4596159958719498
935,0.33140476472745506,0.6575548758333388,0.2298204205250446,0.10493421851440432
936,0.02723710258421408,0.29238011271526376,0.39577083216703823,0.5520766962812478
937,0.29274982518700643,0.9840595723854112,0.2917451682411676,0.4409753884464087
938,0.10327616553190033,0.26062651333707565,0.04833213978899109,0.559508633437328
939,0.7510646831324317,0.19570981433606793,0.36791093781607076,0.016616226727160566
940,0.8395220557222121,0.7799635249316695,0.06325403087429238,0.3648676093204113
941,0.9552866138494954,0.39202705607897703,0.5262086767240161,0.3552428610103552
942,0.5961313881282618,0.9781568756368222,0.9975025034811971,0.7747149780111912
943,0.4043110980204393,0.4944322008289883,0.35673132811230546,0.9855746299043462
944,0.7077603058254037,0.44893144543351127,0.012115270109602339,0.5204834143905483
945,0.9839282017016179,0.5230609089730519,0.18242668548911367,0.022093747104774852
946,0.35470375812420907,0.9182280556966069,0.996554108175881,0.9453679748120026
947,0.7294199932542568,0.5581427284406553,0.590686146382252,0.5389920090919609
948,0.7070493049229883,0.41887322669535243,0.6692040049557655,0.12161211495720103
949,0.26569530656148377,0.8360030388086295,0.9037489307433911,0.5390082375602997
950,0.0316356172129324,0.9269735707917681,0.7020642580272864,0.4140279237553608
951,0.5983789431994964,0.4297748344413661,0.46533922673205097,0.8868098656594017
952,0.16108424691711154,0.10366913548223677,0.002728744513015746,0.3140003756121267
953,0.1474137664844274,0.21998549513811116,0.011238982665376929,0.2271954146877032
954,0.33271158193237393,0.031567496409881324,0.6079041242971477,0.568800348883758
955,0.09703577850992506,0.595009777518401,0.9986539186088776,0.9444689528115406
956,0.002670993367663299,0.7953783113303596,0.35360527623648597,0.06365137033462742
957,0.29598321371620806,0.3217365163129623,0.5232442393090568,0.6610837672688546
958,0.749055612208408,0.24590304256326667,0.321770570248497,0.3083817068597352
959,0.36273686812087647,0.9996563089563387,0.7779433028274259,0.974990465268697
960,0.6931110595470572,0.4062707016472843,0.38974418362697494,0.4885811449750451
961,0.41686978336443736,0.8283262460927457,0.46500201302669286,0.295614360210846
962,0.7748602686966518,0.8544204093813946,0.4204289561404514,0.667808571905532
963,0.058804533888304755,0.5294648519714666,0.04498113774550805,0.029190840494468073
964,0.612924850522739,0.30333538239498714,0.7425371624554654,0.8960825606325922
965,0.1393911737303507,0.7245228385789239,0.5145199982883433,0.11211925016269886
966,0.6515926064807247,0.6094668031064728,0.5156418674007825,0.926471204559658
967,0.5210796961040165,0.9905151154502125,0.509228813848111,0.11585203830136759
968,0.4704712510750304,0.18232876255507124,0.5971334852174273,0.6931321751936012
969,0.46843527870709367,0.09770296768314823,0.4686413985835529,0.0814542147344004
970,0.682125955506534,0.7903682248650875,0.962380327227039,0.14880210712845643
971,0.5324203355333041,0.5675373675354186,0.9224765337809797,0.6272766405965142
972,0.1455096456453211,0.4363513239631892,0.6547625285062505,0.7002844320692974
973,0.8630739985905735,0.18050711984439716,0.9515421467554984,0.05913941201559225
974,0.983762134568902,0.8577670928664085,0.6602727827621713,0.7349955002644216
975,0.07269200591879643,0.04147986289445238,0.10176579655136553,0.08735981466413778
976,0.5473812334694351,0.21544398711178914,0.8602056372067265,0.44574862306807217
977,0.6955104764582749,0.6528730929701598,0.31985303892971007,0.24316757352572904
978,0.3424562852966352,0.7966583738498375,0.5862768484196185,0.25353866251917534
979,0.8178464430604302,0.05475938611030673,0.6991833749902954,0.4391008057493109
980,0.7312903860658883,0.9274612802434268,0.7500340979469039,0.44196535531138237
981,0.15097568151388074,0.8063509758054337,0.46070552692137157,0.07531232345712979
982,0.719055397776866,0.2918519659165897,0.04888822950518523,0.9027510149740777
983,0.48310109209391006,0.28096105317302156,0.7163865578849116,0.8859023776825637
984,0.0003070750337554884,0.6878521850421537,0.7670116940184214,0.20992742727949298
985,0.4896238314101744,0.08928589891793581,0.7467498825153476,0.8474560185633525
986,0.1081866573246606,0.8164602534328347,0.7715701704845336,0.3469133203708973
987,0.6902895299335833,4.8123894311746795e-05,0.9317976544659986,0.5503832353083729
988,0.6203388640619995,0.6646594135390986,0.5613690172183667,0.8567638875394631
989,0.6097018321515439,0.9077599912404726,0.5823316222340089,0.1711224219805666
990,0.9135625558393029,0.6816274983597768,0.6992389944355561,0.9854817505716017
991,0.07519655420957916,0.42859260709517133,0.2390953929866152,0.6304264647136572
992,0.8068116837480719,0.9663107088924127,0.4545961069547201,0.7862182306426042
993,0.9170515920403796,0.6833254325358847,0.2427325524497712,0.6078541511077914
994,0.9699520478171866,0.9875538288615654,0.6423598237167781,0.8869877578719892
995,0.2003493638486028,0.24607860495221678,0.9528876128848597,0.1352353754948079
996,0.19110643809347894,0.4205485991200517,0.5895842877533504,0.6038172189682717
997,0.2919760086655644,0.9206138979503482,0.9150999076078628,0.39206805305237247
998,0.4342917694302971,0.7024971168239118,0.6629958963989008,0.38229701496096236
999,0.4142442515210034,0.34803894342153896,0.23538500695330788,0.4581383629241397
1000,0.6864341319025404,0.741966705314293,0.7788736482559626,0.37473201345312146
